venue.id,venue.name,venue.id,venue.location.lat,venue.location.lng
44142dc1f964a520ec301fe3,Volunteer Park,44142dc1f964a520ec301fe3,47.62998756883546,-122.31548304965403
441483eff964a520f1301fe3,Cal Anderson Park,441483eff964a520f1301fe3,47.617433123868686,-122.31916799089907
4558a938f964a520493d1fe3,Kerry Park,4558a938f964a520493d1fe3,47.62948099401784,-122.35989162643655
430bb880f964a5203a271fe3,Gas Works Park,430bb880f964a5203a271fe3,47.64574721415181,-122.33562530171454
4be9c56d61aca59369f68200,Lake Union Park,4be9c56d61aca59369f68200,47.62668985910958,-122.33750961057686
444eabf8f964a52093321fe3,Myrtle Edwards Park,444eabf8f964a52093321fe3,47.6191188961201,-122.35999927289357
430bb880f964a52039271fe3,Discovery Park,430bb880f964a52039271fe3,47.65817329174455,-122.41026101941712
490d85a7f964a52063521fe3,Luther Burbank Park,490d85a7f964a52063521fe3,47.590961064556126,-122.22606004769257
4a7f26dff964a5200df31fe3,Dr. Jose Rizal Park,4a7f26dff964a5200df31fe3,47.59277912109141,-122.31833338737486
488db78ff964a52055511fe3,Bellevue Downtown Park,488db78ff964a52055511fe3,47.61286025107819,-122.20380496096878
49f52ce5f964a520a56b1fe3,Centennial Park,49f52ce5f964a520a56b1fe3,47.62465370284115,-122.36867401246097
42951180f964a52040241fe3,Lincoln Park,42951180f964a52040241fe3,47.529425108116584,-122.39329509819414
451ab6a7f964a520673a1fe3,Westcrest Park,451ab6a7f964a520673a1fe3,47.523844787207004,-122.34153985977173
42c1e480f964a520c5251fe3,Green Lake Park,42c1e480f964a520c5251fe3,47.68044866290678,-122.3326198276763
4a40589bf964a52085a41fe3,Victor Steinbrueck Park,4a40589bf964a52085a41fe3,47.610257606928414,-122.34365983611289
4310fe80f964a52053271fe3,Alki Beach Park,4310fe80f964a52053271fe3,47.57961056153146,-122.40927327481498
4a02abc3f964a52063711fe3,Occidental Square,4a02abc3f964a52063711fe3,47.60107551122758,-122.33378655295799
463fd072f964a52051461fe3,Gene Coulon Park,463fd072f964a52051461fe3,47.50660166897992,-122.20196627795137
4a6511f4f964a52043c71fe3,Jefferson Park,4a6511f4f964a52043c71fe3,47.5674053858961,-122.3103618621826
49f51bbff964a520936b1fe3,Marshall Park,49f51bbff964a520936b1fe3,47.6296632667877,-122.36675964681625
4a901550f964a520f61520e3,Interlaken Park,4a901550f964a520f61520e3,47.63534981724853,-122.30737924575804
42e18880f964a52066261fe3,Seattle Center,42e18880f964a52066261fe3,47.622190306287365,-122.35147476196289
4b6de85cf964a520e09a2ce3,Luna Park,4b6de85cf964a520e09a2ce3,47.595091770853315,-122.38745935027676
4bb3731c715eef3bf45286bb,Olympic Sculpture Park Pocket Beach,4bb3731c715eef3bf45286bb,47.61709400264109,-122.35804672123568
4f9ee1aae4b0a3d1de167365,Myrtle Edwards Running Trail,4f9ee1aae4b0a3d1de167365,47.61809091206324,-122.3518805256003
439158cdf964a520572b1fe3,Marymoor Park,439158cdf964a520572b1fe3,47.66265318016147,-122.1180500689696
4f4c8f67e4b023d6755ef554,Burke-Gilman Trail,4f4c8f67e4b023d6755ef554,47.65558855921406,-122.32059842467089
4b44f66df964a5206b0026e3,Fremont Peak Park,4b44f66df964a5206b0026e3,47.661102967568425,-122.35675150915488
4c374b2918e72d7f053916f5,Fremont Canal Park,4c374b2918e72d7f053916f5,47.65292603885009,-122.35570906876117
4c35145e7cc0c9b61f79f49a,Magnolia Bluff,4c35145e7cc0c9b61f79f49a,47.641251475289394,-122.41560831201824
43eb42adf964a520332f1fe3,Seward Park,43eb42adf964a520332f1fe3,47.550206931134966,-122.25733181932064
4a04fd62f964a52045721fe3,Woodland Park,4a04fd62f964a52045721fe3,47.67194521174647,-122.34926894131739
4a4ad190f964a52037ac1fe3,Louisa Boren Lookout,4a4ad190f964a52037ac1fe3,47.634539407812554,-122.31253310556033
4a932030f964a520de1e20e3,I-5 Colonnade,4a932030f964a520de1e20e3,47.635622423718104,-122.32359692102466
4bb548a5941ad13aa2101ee3,Ross Park,4bb548a5941ad13aa2101ee3,47.66016803162098,-122.36111194272625
4b17f361f964a52016ca23e3,Hamilton Viewpoint Park,4b17f361f964a52016ca23e3,47.592875584108235,-122.38529855219369
4bf49ac094af2d7f1adc3a72,Madrona Park,4bf49ac094af2d7f1adc3a72,47.60988099626664,-122.28278875350952
4a74aee6f964a5202edf1fe3,Leschi Park,4a74aee6f964a5202edf1fe3,47.60143295516684,-122.28569579803232
4a190326f964a5200b7a1fe3,Ravenna Park,4a190326f964a5200b7a1fe3,47.67082059945155,-122.30401039123535
440da9b6f964a52095301fe3,Warren G. Magnuson Park,440da9b6f964a52095301fe3,47.680998829361336,-122.25848304392021
4a75e84bf964a5209be11fe3,Sunset Hill Park,4a75e84bf964a5209be11fe3,47.68381618268326,-122.40063428878783
4b19b763f964a520a4e223e3,Maple Leaf Park,4b19b763f964a520a4e223e3,47.69011316572095,-122.31644223958897
49f520dcf964a5209b6b1fe3,Kinnear Park,49f520dcf964a5209b6b1fe3,47.627419702288975,-122.36503846223812
4b81b017f964a520edb730e3,Aubrey Davis Park,4b81b017f964a520edb730e3,47.59216667631705,-122.24438761210979
4c36ad4d1e06d13afab8743e,Madrona Playground,4c36ad4d1e06d13afab8743e,47.61104374626671,-122.29007898839347
4a9c9435f964a520983720e3,Houghton Beach Park,4a9c9435f964a520983720e3,47.66019923733621,-122.20685005187988
4b985a0ff964a520673d35e3,Green Lake Loop,4b985a0ff964a520673d35e3,47.68066602728803,-122.33453996244677
4dceff86d4c065592f8dfadd,UW: Rainier Vista,4dceff86d4c065592f8dfadd,47.65244289457096,-122.30600453522311
4a02aa29f964a52060711fe3,Pioneer Square,4a02aa29f964a52060711fe3,47.601976647403845,-122.33389589387261
4bb3f01d9af3b71300cb8b28,Constellation Park,4bb3f01d9af3b71300cb8b28,47.57376642780386,-122.41594910739812
4b155088f964a520beb023e3,T-Mobile Park,4b155088f964a520beb023e3,47.59077725578357,-122.33300294165383
49ea4f51f964a5204c661fe3,Carkeek Park,49ea4f51f964a5204c661fe3,47.71239128271022,-122.3780129902939
4b639049f964a520ac832ae3,Heritage Park,4b639049f964a520ac832ae3,47.67824450077347,-122.21053732288054
4bbcb9d08a4fb713020f3c9d,Waterfront Park,4bbcb9d08a4fb713020f3c9d,47.6069291389153,-122.34174462950551
4c6df4534d24b60cb69cd7d8,Seven Hills Park,4c6df4534d24b60cb69cd7d8,47.61786763088391,-122.31184353569776
49e77530f964a520a4641fe3,Westlake Park,49e77530f964a520a4641fe3,47.61104967887254,-122.33719678826789
4deea58ae4cdef4ed2c50062,Green Lake Neighborhood,4deea58ae4cdef4ed2c50062,47.678740821355234,-122.3279871705964
49ed7b0af964a520ec671fe3,Kelsey Creek Park,49ed7b0af964a520ec671fe3,47.60488239767633,-122.1661984497623
4a6e5ac0f964a5208fd41fe3,Cowen Park,4a6e5ac0f964a5208fd41fe3,47.67208537645008,-122.31477657433558
4aad7bf9f964a520896020e3,Medina Park,4aad7bf9f964a520896020e3,47.620749322652486,-122.23052797144797
4bc77bc392b376b0ffcd4f3a,View Ridge Area,4bc77bc392b376b0ffcd4f3a,47.67951649270066,-122.27165378219081
4a614619f964a52038c21fe3,Bothell Landing,4a614619f964a52038c21fe3,47.758207721399906,-122.20857891918814
475f1cc0f964a520dc4c1fe3,Matthews Beach Park,475f1cc0f964a520dc4c1fe3,47.69655245150628,-122.27325575137968
45b348a3f964a520a9411fe3,Olympic Sculpture Park,45b348a3f964a520a9411fe3,47.61636542390172,-122.35478134122522
4bddd5b80ee3a593c5d62eb0,Madison Park,4bddd5b80ee3a593c5d62eb0,47.63546187577772,-122.27730631828308
4faeb986e4b08260e402854a,The Harbor Steps,4faeb986e4b08260e402854a,47.606852466411496,-122.3387632132612
4700f840f964a520364b1fe3,Juanita Beach Park,4700f840f964a520364b1fe3,47.70470779545952,-122.21530437469482
4b68cf65f964a520218e2be3,North Rose Hill Woodlands Park,4b68cf65f964a520218e2be3,47.68749035663648,-122.17522249758692
4b76dec5f964a520c9652ee3,Robinswood Park,4b76dec5f964a520c9652ee3,47.59034754915111,-122.14051585485258
49da95bcf964a520955e1fe3,Jim Ellis Freeway Park,49da95bcf964a520955e1fe3,47.61000059787849,-122.3310700805732
4bcb8d85511f9521c7c0b1c7,Seacrest Park,4bcb8d85511f9521c7c0b1c7,47.589382384824646,-122.38027271314593
4a6264a1f964a520f0c31fe3,Kirkland Marina Park,4a6264a1f964a520f0c31fe3,47.67538639828759,-122.20830917358398
4c07ddb0221620a11578f775,Parsons Gardens,4c07ddb0221620a11578f775,47.629757640387005,-122.36602682807154
4ac23711f964a520399820e3,Bellevue Botanical Garden,4ac23711f964a520399820e3,47.609570105411066,-122.17896212262448
43eb4227f964a520322f1fe3,Golden Gardens Park,43eb4227f964a520322f1fe3,47.69058264501714,-122.40329577588459
4bb423ee643cd13abf7a395c,Juanita Bay Park,4bb423ee643cd13abf7a395c,47.695417800959284,-122.21078333558283
4b0f0bd0f964a5208c5e23e3,Salmon Bay Park,4b0f0bd0f964a5208c5e23e3,47.67918224152669,-122.38126445349697
4b93fb63f964a520d65e34e3,Luther Burbank Dog Park,4b93fb63f964a520d65e34e3,47.59408207045143,-122.2260900216571
49f8c3daf964a5201e6d1fe3,Waterfall Garden Park,49f8c3daf964a5201e6d1fe3,47.6001720804735,-122.33206127298888
4be064a34f15c928eb17cb0b,Hiawatha Playfield,4be064a34f15c928eb17cb0b,47.5777168565091,-122.38390271105862
4b60d287f964a5209bfb29e3,First Hill Park,4b60d287f964a5209bfb29e3,47.61211522062597,-122.32575571254725
4b8ae639f964a520de8732e3,Lower Woodland Athletic Fields & Courts,4b8ae639f964a520de8732e3,47.66769,-122.34184
4a010dc1f964a520d3701fe3,Grass Lawn Park,4a010dc1f964a520d3701fe3,47.66832970520762,-122.14589039325611
4be73e57a117b7138a4681c8,David E Brink Park,4be73e57a117b7138a4681c8,47.670788169408105,-122.20610865423725
4be34a3c21d5a593a1bf1811,Ardmore Park,4be34a3c21d5a593a1bf1811,47.63338081076902,-122.1174423629167
4b8072aef964a520477330e3,Magnuson Park Off-Leash Dog Park,4b8072aef964a520477330e3,47.68600416203646,-122.25426434476088
4b79a623f964a52046082fe3,Mount Baker Park,4b79a623f964a52046082fe3,47.58031814437581,-122.28858232498169
4bb7810c53649c743fc545fb,Waterfront Park,4bb7810c53649c743fc545fb,47.623343205401014,-122.51607840996054
4bafe9b0f964a520132b3ce3,Whale Tail Park,4bafe9b0f964a520132b3ce3,47.579341840888866,-122.40712298142041
4a5fd489f964a5204ec01fe3,View Ridge Playfield,4a5fd489f964a5204ec01fe3,47.6798318401681,-122.28051576863702
4b59ec01f964a52010a128e3,Pioneer Park,4b59ec01f964a52010a128e3,47.54212074763928,-122.22165584564209
4a94d1eff964a520832220e3,Battle Point Park,4a94d1eff964a520832220e3,47.66258767343569,-122.57665307052972
4b120294f964a520288823e3,Rogers Playground,4b120294f964a520288823e3,47.64258510070266,-122.3249479548378
4a0a6465f964a5209c741fe3,Peter Kirk Park,4a0a6465f964a5209c741fe3,47.67784238698113,-122.20204162228065
4b30fdd5f964a520d1fd24e3,Hamlin Park,4b30fdd5f964a520d1fd24e3,47.74522176570873,-122.30803469043462
4e1b8e89887735dda33b2798,Ballard Locks Visitor Center,4e1b8e89887735dda33b2798,47.66657014689458,-122.39672750035935
4dafbe7f0cb6ead7fdd59eb4,High Point Pond Park,4dafbe7f0cb6ead7fdd59eb4,47.54931098410245,-122.37243455730575
4bb4085f643cd13a175d395c,Lewis Creek Park,4bb4085f643cd13a175d395c,47.55296462764606,-122.12561689966273
4b9d5aacf964a52032a636e3,Edwin T Pratt Park,4b9d5aacf964a52032a636e3,47.5995705068377,-122.30983545174797
4c364bb50a71c9b6ece33cc9,Island Crest Park,4c364bb50a71c9b6ece33cc9,47.55113968844851,-122.22167381995652
4a022921f964a52035711fe3,Commodore Park,4a022921f964a52035711fe3,47.66485718354243,-122.39929049940137
4bcba84acc8cd13a86e6bfcf,Ballard Playfield,4bcba84acc8cd13a86e6bfcf,47.67299012328336,-122.39104261234692
49e3ce5bf964a520d8621fe3,Hiram M. Chittenden Locks,49e3ce5bf964a520d8621fe3,47.66576326374903,-122.39722247791317
4b98214cf964a520822e35e3,Ballard High School,4b98214cf964a520822e35e3,47.67701977664608,-122.37496535593321
4b9d77d0f964a520ceae36e3,Wallingford Playfield,4b9d77d0f964a520ceae36e3,47.65890450733264,-122.33710484037101
4fd2dec7e4b098b082132f52,Fremont Canal Steps,4fd2dec7e4b098b082132f52,47.64888488108312,-122.35137515048287
43768200f964a520462a1fe3,Woodland Park Zoo,43768200f964a520462a1fe3,47.668308704764016,-122.35104371125468
4da4d2facda109f02fb106f7,Discovery Park Loop Trail,4da4d2facda109f02fb106f7,47.65145304341185,-122.40544833919778
51495a19f31c774bc99140f5,Golden Gardens Park Waterfront,51495a19f31c774bc99140f5,47.691586954296554,-122.4038082353192
4bae9a66f964a52096c53be3,West Woodland Park Playground,4bae9a66f964a52096c53be3,47.6713412413844,-122.35343476558147
4bbf99804cdfc9b62b8b9121,Ella Bailey Park,4bbf99804cdfc9b62b8b9121,47.640583778456666,-122.39114999771118
4c016796716bc9b6f2cbbb55,Gasworks Park Marina,4c016796716bc9b6f2cbbb55,47.64682705911423,-122.33376688320172
4bd38fe0046076b0db707671,Discovery Park West Pt. Lighthouse,4bd38fe0046076b0db707671,47.66151486025328,-122.43409003404324
40b13b00f964a520dff61ee3,The Park Public House,40b13b00f964a520dff61ee3,47.67360031288768,-122.35420740446686
4c912640ae96a0938509a146,Kirke Park,4c912640ae96a0938509a146,47.68013059275492,-122.36811954119197
4b7c9ea1f964a520229e2fe3,Golden Gardens Off-Leash Dog Park,4b7c9ea1f964a520229e2fe3,47.69102157197945,-122.40045167990198
4c38945f0a71c9b6edd840c9,6th Avenue NW Pocket Park,4c38945f0a71c9b6edd840c9,47.684326623844434,-122.36309802822456
4bf3778de5eba593719f1e90,Sandel Playground,4bf3778de5eba593719f1e90,47.69488768574753,-122.3585557937622
4a5e7af2f964a520a2be1fe3,West Queen Anne Playfield,4a5e7af2f964a520a2be1fe3,47.63564027611314,-122.3606648846323
4b9822f6f964a520df2e35e3,Woodland Park Rose Garden,4b9822f6f964a520df2e35e3,47.665587315280874,-122.3497325892187
4a935487f964a520931f20e3,Trolley Hill Park,4a935487f964a520931f20e3,47.63512158988159,-122.34712777424753
4baeb835f964a520f4d13be3,Magnolia Park,4baeb835f964a520f4d13be3,47.63442973467934,-122.39777093643383
4a16335ff964a520f5781fe3,Meridian Playground,4a16335ff964a520f5781fe3,47.66405785964915,-122.33284950256348
4a5e75c3f964a5209ebe1fe3,David Rodgers Park,4a5e75c3f964a5209ebe1fe3,47.64530454333783,-122.35606750782591
4fc3a7c5e4b0cec932fe0f14,Disco Park Playground,4fc3a7c5e4b0cec932fe0f14,47.65614249558978,-122.40524483458034
4a18b0d3f964a520dc791fe3,Ballard Commons Park,4a18b0d3f964a520dc791fe3,47.670392409325835,-122.3852764649083
4b54ea85f964a520fcd227e3,Woodland Park Off-Leash Area,4b54ea85f964a520fcd227e3,47.67005218032859,-122.34467356794438
4c392a2b93db0f47f60e2392,Carkeek Park Beach,4c392a2b93db0f47f60e2392,47.7124948114037,-122.37889857188631
4a306004f964a52059991fe3,B.F. Day Playfield,4a306004f964a52059991fe3,47.65613798222677,-122.34917879104614
4b2eb6a7f964a52086e524e3,Smith Cove Park,4b2eb6a7f964a52086e524e3,47.63176687176973,-122.38691492176659
49bd9eabf964a5208b541fe3,Second Ascent,49bd9eabf964a5208b541fe3,47.66577199566534,-122.38246477222383
4bafa256f964a52023123ce3,Magnolia Playfield,4bafa256f964a52023123ce3,47.64142553378783,-122.40002865615433
4b6df63af964a520509f2ce3,Licton Springs Park,4b6df63af964a520509f2ce3,47.698426083618585,-122.33918508435578
4ba3ecf5f964a520376e38e3,Magnolia Community Park,4ba3ecf5f964a520376e38e3,47.64152858927089,-122.40043675298595
575467ba498e0f8339028686,28th Ave NW Street End Park,575467ba498e0f8339028686,47.667347,-122.392746
4efb6a7c6da1f7b66490e565,28th Ave Dog Park,4efb6a7c6da1f7b66490e565,47.65145537499227,-122.39260657511593
58a62c97e18e656cc646d02c,Mighty-O Parklet,58a62c97e18e656cc646d02c,47.668336,-122.378856
4abe8bf3f964a520678e20e3,Ballard Corners Park,4abe8bf3f964a520678e20e3,47.67444035425347,-122.37904156975138
5738dbcf498ef89f95c41f25,Blue Heron Rookery,5738dbcf498ef89f95c41f25,47.665604,-122.400826
4cf01fefcc61a35d56c20c9e,Magnolia Manor Park,4cf01fefcc61a35d56c20c9e,47.651862012422974,-122.38827942966893
4e8e8dc59a5297144cae2fc0,North Beach Park,4e8e8dc59a5297144cae2fc0,47.694528948709,-122.38750060973493
5c60af6b82a750002c48d1a6,Gemenskap Park,5c60af6b82a750002c48d1a6,47.672286,-122.373593
4fbabe45e5e870913981d277,Kiwanis Park,4fbabe45e5e870913981d277,47.661846773887945,-122.39994764328002
4b86c9edf964a520719d31e3,Gilman Park Playfield,4b86c9edf964a520719d31e3,47.66729483589208,-122.36958503723145
4b92d88ef964a5200c2134e3,Kiwanis Ravine,4b92d88ef964a5200c2134e3,47.65934873797033,-122.40118451940475
4b8081ecf964a5207f7830e3,Lawton Park,4b8081ecf964a5207f7830e3,47.65188046590045,-122.38824037001781
576f456a498e5cbc59925a85,11th Avenue Street End Park,576f456a498e5cbc59925a85,47.659615,-122.370705
51ef25b2498ec92c598c6290,Discovery Park Tennis Courts,51ef25b2498ec92c598c6290,47.65698872852619,-122.40481023847423
4e41c538483b5377bc140fc1,Sunset Place Park,4e41c538483b5377bc140fc1,47.66552358385096,-122.35969017056965
5057c8d2e4b03b3dbc742419,discover park sans dunes,5057c8d2e4b03b3dbc742419,47.65482821292875,-122.41030687888981
50575c51e4b01f3aa6d8efc8,discovery park radar tower,50575c51e4b01f3aa6d8efc8,47.656443415476666,-122.41277559880591
4ba0364ff964a520de6137e3,Golden Gardens Staircase,4ba0364ff964a520de6137e3,47.690454071768016,-122.40002674480334
536e82c3498e8a0880bddfac,Discovery Park Parade Grounds,536e82c3498e8a0880bddfac,47.656350552396646,-122.41372296879011
4c40c846af052d7f3e587c79,Baker Park on Crown Hill,4c40c846af052d7f3e587c79,47.69013167374294,-122.37466373405262
50e514b1183f5e8c095f0b9e,Baker Park,50e514b1183f5e8c095f0b9e,47.69015026565801,-122.37406969070435
4dc43bb0e4cd169dc62deb04,Discovery Park Emerson Entrance,4dc43bb0e4cd169dc62deb04,47.6507663087872,-122.409142750577
4e5aa1bac65bcd7cbe449bf9,War Garden Public Park,4e5aa1bac65bcd7cbe449bf9,47.66488294192765,-122.35292982054918
59f9fa2c419a9e1a59ae5e34,Accidental Park,59f9fa2c419a9e1a59ae5e34,47.659532,-122.355568
4bd387d7caff9521e830d5f0,West Ewing Mini Park,4bd387d7caff9521e830d5f0,47.65221426971751,-122.36065019288145
4e4ff618d22daf51d27d56d2,North Meadow,4e4ff618d22daf51d27d56d2,47.67190418871632,-122.34936973795826
4ca7296b97c8a1cd0b3877a5,On The Park Gym,4ca7296b97c8a1cd0b3877a5,47.67049146387898,-122.38652053673313
4de0add7e4cd846e408f263a,On The Park Apartments,4de0add7e4cd846e408f263a,47.67065403865209,-122.38652300999492
4b92ef65f964a520562834e3,Whitman Field,4b92ef65f964a520562834e3,47.69723775221023,-122.37953363480538
4bf0ac74b315c9b6da4e93ff,Piper's Creek Watershed,4bf0ac74b315c9b6da4e93ff,47.690408655845815,-122.35949568607286
5203deaa498e9c6a37941037,Woodland Park Shelter #4,5203deaa498e9c6a37941037,47.670191,-122.346248
4c1552bff1e0b71377fa34bc,Thomas C. Wales Park,4c1552bff1e0b71377fa34bc,47.64033076753056,-122.34500527381897
4b95add3f964a52022af34e3,Linden Orchard Park P-Patch,4b95add3f964a52022af34e3,47.6780158859417,-122.34749436378479
5a00cc85d807ee06e34d4642,Library Park,5a00cc85d807ee06e34d4642,47.687969,-122.35502
532db10f498e2836f116240a,Green Lake Small Craft Center,532db10f498e2836f116240a,47.67150881532619,-122.34324269656042
4fad80d2771656f48d589ed5,Blue Ridge Places,4fad80d2771656f48d589ed5,47.70306883221918,-122.38105416297911
53cf1d4e498ec25a643e3c13,Greenlake Trail,53cf1d4e498ec25a643e3c13,47.68149250278079,-122.34173929132332
57281151498ef9c42105ebb9,Troll's Knoll Park,57281151498ef9c42105ebb9,47.65054951837885,-122.34758317257838
4b118a68f964a520dc7e23e3,A. B. Ernst Park,4b118a68f964a520dc7e23e3,47.650227250152184,-122.34875197369446
5011de44e4b0ad6ab1a2b0a0,Grassy Knoll @Green Lake,5011de44e4b0ad6ab1a2b0a0,47.68195734505101,-122.3406724186522
4fad802b771656f48d588a58,Blue Ridge Circle,4fad802b771656f48d588a58,47.70434679476565,-122.38041043281554
4be89774d837c9b65589a506,Thorndyke Park,4be89774d837c9b65589a506,47.63468743377526,-122.38985229452966
4bc3c9c574a9a593151ed5f6,Mayfair Park,4bc3c9c574a9a593151ed5f6,47.643243467901755,-122.35385741959037
4fc7e24ee4b0936e6eedd76e,Wallingford Center Totem Pole,4fc7e24ee4b0936e6eedd76e,47.6613,-122.336
4d856f7450913704b02b975b,Carkeek Park - Upper Lot,4d856f7450913704b02b975b,47.703226251161844,-122.36327292329234
4bae53c5f964a52028a33be3,Webster Park,4bae53c5f964a52028a33be3,47.67767251848031,-122.39769421961893
4c5b52dc7f661b8d1cb8451c,North Green Lake Lawn,4c5b52dc7f661b8d1cb8451c,47.68517106891237,-122.33712263274613
4bf9cfd2508c0f4752b03f31,Green Lake Park Bench - Sri Chinmoy Peace Grove,4bf9cfd2508c0f4752b03f31,47.6760164771958,-122.33293129270633
49e8c908f964a5207f651fe3,Schmitz Preserve Park,49e8c908f964a5207f651fe3,47.57728498325171,-122.4020581229318
4a7de676f964a52020f01fe3,Emma Schmitz Memorial Viewpoint,4a7de676f964a52020f01fe3,47.563192126758175,-122.40655660629271
4e0f9753ae603a50b54e446a,Cormorant Cove,4e0f9753ae603a50b54e446a,47.57106132655048,-122.41128039483907
4b3be4cbf964a520cb7d25e3,Me-Kwa-Mooks Park,4b3be4cbf964a520cb7d25e3,47.56366312021274,-122.40666767608867
4a5fc77cf964a52034c01fe3,Camp Long,4a5fc77cf964a52034c01fe3,47.55528331950861,-122.37515613419178
4b7b2f8af964a52097562fe3,Alki Beach Path,4b7b2f8af964a52097562fe3,47.58939981056733,-122.38349510595084
4b8591def964a5200c6631e3,Ercolini Park,4b8591def964a5200c6631e3,47.56141116275489,-122.39312410354614
49ef171cf964a5207e681fe3,Luna Park Cafe,49ef171cf964a5207e681fe3,47.570773583044904,-122.37091529927015
4e3d9ce4483b04e17a98a547,Park By Salty's,4e3d9ce4483b04e17a98a547,47.58643634496416,-122.37673383813886
49d4f519f964a5205a5c1fe3,Jack Block Park,49d4f519f964a5205a5c1fe3,47.58347147880416,-122.37200676361027
4b429f93f964a520aed725e3,Lowman Beach Park,4b429f93f964a520aed725e3,47.54014308115889,-122.39648188269227
4bf969505ec320a1d9298ad3,Charles Richey Sr. Viewpoint,4bf969505ec320a1d9298ad3,47.57263881478711,-122.41371166916787
4ce9e90d0f196dcb51f24eae,Alki Beach Neighborhood,4ce9e90d0f196dcb51f24eae,47.57944967306242,-122.40930318832396
4dffe60652b10e7477992c10,Andover Place,4dffe60652b10e7477992c10,47.568557587289376,-122.40939117201941
4a87603ff964a520230420e3,Alki playfield,4a87603ff964a520230420e3,47.57871869854162,-122.40743637084961
4c411e90a48d9c74db7d0c40,Hiawatha Community Center,4c411e90a48d9c74db7d0c40,47.57830636891802,-122.3848960619916
4db42220f7b121c29f452a22,Dakota Place Park,4db42220f7b121c29f452a22,47.566659205480825,-122.38719646627627
4fac9f337716bca5d3f260d2,Calfornia Place,4fac9f337716bca5d3f260d2,47.586330132651824,-122.38655787044341
530e6363498e8db9f5922b27,Smitz Park,530e6363498e8db9f5922b27,47.577674865722656,-122.4067611694336
4c44d649f799e21ea066aea2,Junction Plaza Park,4c44d649f799e21ea066aea2,47.56110211810497,-122.38572995611102
4f33000de4b063260b1d7a7d,Anchor Park,4f33000de4b063260b1d7a7d,47.595341797716074,-122.38747710292492
4b5b9415f964a520800829e3,Belvedere Park,4b5b9415f964a520800829e3,47.580560537557275,-122.37675061380045
56db751ecd107bf5eedf0218,Don Armeni park,56db751ecd107bf5eedf0218,47.58968056203505,-122.38072422083017
5133a1a2e4b0835c6f06e1cf,Marshall Reserve Park,5133a1a2e4b0835c6f06e1cf,47.59424569611023,-122.38389157309007
4fba94184fc657fa45b35de5,Fauntleroy Place,4fba94184fc657fa45b35de5,47.56269259418382,-122.37983107566833
4bf871665efe2d7facd26a34,Fairmount Playground,4bf871665efe2d7facd26a34,47.554759635860066,-122.38052686640782
4db2e3674df05e5aaabdd1c7,Nantes Park,4db2e3674df05e5aaabdd1c7,47.579410925531306,-122.3971312093555
4c581244cc96c9b66c497a2e,Weather Watch Park,4c581244cc96c9b66c497a2e,47.566940970514025,-122.40868284883095
4c3e76780e0d0f47bfae157f,Dragonfly Park,4c3e76780e0d0f47bfae157f,47.566948831691974,-122.36825261055971
5171bc8ee4b09af99ba2ae03,Dragonfly Pavillion,5171bc8ee4b09af99ba2ae03,47.567168791623395,-122.3680519103792
4bedd9504daaa59360558f61,Morgan Junction Park,4bedd9504daaa59360558f61,47.54576839041687,-122.38729735986644
4fb3a3ece4b0d8fe9656ef64,Lowman Beach,4fb3a3ece4b0d8fe9656ef64,47.54006683885207,-122.39634609174875
4c3e7b50db3b1b8d2f936595,Delridge Playfield,4c3e7b50db3b1b8d2f936595,47.563841246043786,-122.3640773436851
4fe9011ae4b0f4ebd44a18a9,Lincoln Park - Beach Rd Entrance,4fe9011ae4b0f4ebd44a18a9,47.537211468057805,-122.39603175115325
4bcb8cb5511f9521c7beb1c7,Greg Davis Park,4bcb8cb5511f9521c7beb1c7,47.554011550209346,-122.36604452133179
4fb2fe1777166def485dd659,Pigeon Point Park,4fb2fe1777166def485dd659,47.564987508857726,-122.35701084136961
4dbca7046a23e294ba34afdb,Fauntleroy Tennis Courts,4dbca7046a23e294ba34afdb,47.53637484,-122.39148
5378fe4d498ef1607ad436f6,Solstice Park - Bob Booth Tennis Courts,5378fe4d498ef1607ad436f6,47.536141,-122.391958
4b101517f964a520b26823e3,Solstice Park,4b101517f964a520b26823e3,47.53640665651844,-122.3900494115487
4a04d7d7f964a52034721fe3,Bridge Park,4a04d7d7f964a52034721fe3,47.545379762120355,-122.37347960472107
4fe7980ae4b0af2e67e73841,Jack Block Park Observation Platform,4fe7980ae4b0af2e67e73841,47.58481160234614,-122.36831784241981
4c72f481f3279c74b716b02d,Fairmount Park - Soccer Fields,4c72f481f3279c74b716b02d,47.55446614426995,-122.38094067326055
4b573264f964a5208f2a28e3,Alki Masonic Center,4b573264f964a5208f2a28e3,47.56002834000638,-122.38262057304382
4d09b1774abf721e9a31c55e,West Seattle Neighborhood,4d09b1774abf721e9a31c55e,47.558926242859705,-122.3863807012043
4b4533a8f964a520cc0726e3,Fauntleroy Park,4b4533a8f964a520cc0726e3,47.521246601839294,-122.38505619185398
4a517b90f964a52012b11fe3,Ed Munro Seahurst Park,4a517b90f964a52012b11fe3,47.47585157089255,-122.35144249081785
4b86fcc8f964a520e5a931e3,Roxhill Park,4b86fcc8f964a520e5a931e3,47.52003686949426,-122.36942315978379
4b1b2362f964a520bcf823e3,Walt Hundley Playfield,4b1b2362f964a520bcf823e3,47.53948349621945,-122.37387734423994
52101743498e1e598d4fdf5a,The Ark Park,52101743498e1e598d4fdf5a,47.51156499274963,-122.38550284774425
4bbaa20d53649c74605049fb,Lakewood Park Disc Golf Course,4bbaa20d53649c74605049fb,47.5038201706698,-122.34602964514933
4ce69f950f196dcb85b538ae,Seola Park,4ce69f950f196dcb85b538ae,47.50150055488986,-122.37458682047838
4bcb7ebb511f95213a9fb1c7,White Center Heights Park,4bcb7ebb511f95213a9fb1c7,47.51142714316486,-122.34315290506058
514e1646e4b073c93b8d20f5,Leprechan Tree,514e1646e4b073c93b8d20f5,47.53382076440303,-122.39259964708069
4bfb4616bbb7c9281fff0743,Salmon Creek Park,4bfb4616bbb7c9281fff0743,47.497269971886446,-122.34146849931
4d82a2e38de9721e7a710c51,Hazel Valley Park,4d82a2e38de9721e7a710c51,47.4903872111217,-122.33754204402022
4be73833910020a1ea30d514,Kilbourne Park,4be73833910020a1ea30d514,47.52150459872009,-122.38921880722046
4fae08424fc67afa8cf44294,Endolyne Park,4fae08424fc67afa8cf44294,47.51449789948732,-122.39431500434874
4b5298eaf964a520788327e3,High Point Community Center,4b5298eaf964a520788327e3,47.54066520060329,-122.37455836229938
4bc7be4414d79521c70f68e9,Chelsea Park,4bc7be4414d79521c70f68e9,47.484297359447666,-122.3498212958529
4ba54134f964a52050f238e3,Shorewood Park,4ba54134f964a52050f238e3,47.49691215436752,-122.36750024409105
4ea363060aaf711181057da2,Environmental Science Center,4ea363060aaf711181057da2,47.477956025979786,-122.36277050593031
56523fb2498e1d76986fcf1a,Sunrise Park,56523fb2498e1d76986fcf1a,47.543773,-122.368181
4b941f23f964a520956934e3,Riverview Fields,4b941f23f964a520956934e3,47.539131,-122.349735
522d4a4611d218d6e5dcb1c1,Schmitz Park Diner,522d4a4611d218d6e5dcb1c1,47.52209,-122.377212
4c166601b7b9c9283a63ae37,Eagle Landing Park,4c166601b7b9c9283a63ae37,47.4707989454788,-122.36585854042801
58b378f245c3ed15f278f588,Cove Park,58b378f245c3ed15f278f588,47.523614,-122.394191
4d58455e8147f04d5260a054,Jacob Ambaum Park,4d58455e8147f04d5260a054,47.48911866322113,-122.35013842371427
4bd727ad637ba593b369f970,Arbor Lake Park,4bd727ad637ba593b369f970,47.492442791418625,-122.32945919036865
4ee69709b634710b8cf340f5,No-Name Park,4ee69709b634710b8cf340f5,47.52840137592014,-122.3717242119536
4fb6a3af6b742bc41300d86e,South Park Meadow,4fb6a3af6b742bc41300d86e,47.52082353354318,-122.32355833053589
4fb6a2616b742bc41300a418,Cesar Chavez Park,4fb6a2616b742bc41300a418,47.52667750728217,-122.32533931732176
4da9db1d1e72c1ab9be664e2,Georgetown Duwamish River Park,4da9db1d1e72c1ab9be664e2,47.530632098283405,-122.32291842176593
4bd323cf77b29c74f7029082,Highland Park Neighborhood,4bd323cf77b29c74f7029082,47.52293744033822,-122.34947596918143
4e4338c9887703085fd24ca7,Lincoln Park Zipline,4e4338c9887703085fd24ca7,47.52706674898629,-122.39426057530666
4c9502c503413704cb8f77ef,Lincoln Park Playground,4c9502c503413704cb8f77ef,47.52727512539085,-122.39464884929477
4abe895ff964a5204f8e20e3,Duwamish Waterway Park,4abe895ff964a5204f8e20e3,47.531348688570105,-122.31997604732658
4bbfd3d7f8219c7469bfb010,Highland Park Baseball Field,4bbfd3d7f8219c7469bfb010,47.52768812465217,-122.34943058663495
5070a71ae4b0e156ba7ddb0d,West Ridge Park Apartments,5070a71ae4b0e156ba7ddb0d,47.53199050447173,-122.36135854699498
4c99815480958cfa893c3bd4,Highland Park Playground & Wading Pool,4c99815480958cfa893c3bd4,47.52685102267442,-122.3496152717673
4c2d4320987f20a1fa3a49aa,Lake Burien School Park,4c2d4320987f20a1fa3a49aa,47.4697321058678,-122.35609520636444
4da0d4840f578cfad3ba7d18,South Park Neighborhood,4da0d4840f578cfad3ba7d18,47.52646222430969,-122.32091149390975
4cae9ee11168a0936a161c23,"Boulevard Park, WA",4cae9ee11168a0936a161c23,47.49514182363164,-122.31658515327788
4aaca0fef964a5205c5e20e3,Seattle Public Library - South Park,4aaca0fef964a5205c5e20e3,47.526320654365286,-122.32279145963646
4b987638f964a520354335e3,South Park Community Center,4b987638f964a520354335e3,47.52818612043109,-122.32384087789355
4c26a0be905a0f4707b06360,Chief Sealth High School Stadium,4c26a0be905a0f4707b06360,47.527370338410904,-122.36753391893961
505f6ddbe4b0a0544711f9ae,Fauntleroy Neighborhood,505f6ddbe4b0a0544711f9ae,47.52798438299848,-122.39267805696386
4c3f272c83a3a593cd08ef33,Seattle Children's Play Garden,4c3f272c83a3a593cd08ef33,47.587401385545526,-122.30181631662101
4ac14ba2f964a5209e9620e3,Judkins Park and Playfield,4ac14ba2f964a5209e9620e3,47.593098875295226,-122.30348188220185
4be61798bcef2d7fced004e5,Firehouse Mini Park,4be61798bcef2d7fced004e5,47.61118324356253,-122.30938442593906
47b96a2ef964a520be4d1fe3,Powell Barnett Park,47b96a2ef964a520be4d1fe3,47.604747,-122.296219
4c5a55e07b049521c644891f,Jimi Hendrix Park,4c5a55e07b049521c644891f,47.589132313017565,-122.30117797851561
4a7b953bf964a5207beb1fe3,Bhy Kracke Park,4a7b953bf964a5207beb1fe3,47.63069253160077,-122.34879000087379
4d850d5599b78cfa5127c61f,Colman Park,4d850d5599b78cfa5127c61f,47.58615100335924,-122.28763818740843
4b7ca953f964a520ed9f2fe3,Plymouth Pillars Park,4b7ca953f964a520ed9f2fe3,47.61432924932539,-122.32951561332182
416dc180f964a5209b1d1fe3,Space Needle,416dc180f964a5209b1d1fe3,47.62017909953076,-122.34923486833564
4b774520f964a5207c8d2ee3,Kurt Cobain Memorial Bench,4b774520f964a5207c8d2ee3,47.61911260701266,-122.28187530414718
4c08503fa1b32d7fb1e595f0,Washington Park Playfield,4c08503fa1b32d7fb1e595f0,47.62633561762947,-122.29417727281448
4bb3d79a4019a593268538b8,Stanley Sayres Memorial Park,4bb3d79a4019a593268538b8,47.57004776036421,-122.27668609902575
4a02a97cf964a5205f711fe3,Kobe Terrace Park,4a02a97cf964a5205f711fe3,47.6004432175403,-122.32502564326187
4aa4694cf964a520ba4620e3,Dog In The Park,4aa4694cf964a520ba4620e3,47.611208301671226,-122.33717907196052
4a185ecaf964a520a8791fe3,T.T. Minor Playfield,4a185ecaf964a520a8791fe3,47.61385774064303,-122.31042322019763
4a8910c8f964a520ca0720e3,Montlake Playfield,4a8910c8f964a520ca0720e3,47.64151966464283,-122.30917984083598
44c96aa5f964a520f4351fe3,Madison Park Beach,44c96aa5f964a520f4351fe3,47.635853683831066,-122.27676452068624
4aee2403f964a52075d221e3,Volunteer Park Water Tower,4aee2403f964a52075d221e3,47.629019284071184,-122.31463007858387
4b65fe1af964a520110d2be3,Klondike Gold Rush National Historical Park,4b65fe1af964a520110d2be3,47.59922877782113,-122.3318578852576
4a614418f964a52035c21fe3,Daejeon Park,4a614418f964a52035c21fe3,47.59123070584851,-122.31166005134583
4a99c4fdf964a5206d3020e3,Mayflower Park Hotel,4a99c4fdf964a5206d3020e3,47.612293085937424,-122.33841904723705
4c4e31029efabe9a5705b069,Columbia Park,4c4e31029efabe9a5705b069,47.559803899363644,-122.28750944137573
475f1b85f964a520db4c1fe3,Sam Smith Park,475f1b85f964a520db4c1fe3,47.590159812433235,-122.29819536209105
4a30631bf964a5205d991fe3,Denny Park,4a30631bf964a5205d991fe3,47.61885828876579,-122.3410151631088
412d2800f964a520db0c1fe3,Cactus Madison Park,412d2800f964a520db0c1fe3,47.63619635726068,-122.27768556843114
4a02aaa5f964a52061711fe3,City Hall Park,4a02aaa5f964a52061711fe3,47.60198920394335,-122.3306777486063
4ada0ce0f964a520ca1d21e3,Counterbalance Park,4ada0ce0f964a520ca1d21e3,47.623637233997066,-122.35428591298441
4b4f56aef964a520fb0127e3,Blue Dog Pond Park,4b4f56aef964a520fb0127e3,47.588726259130915,-122.29884975177771
49e53091f964a520a5631fe3,Genesee Park & Playground,49e53091f964a520a5631fe3,47.56448480019845,-122.2792736207043
4a708667f964a520aed71fe3,Thomas Street Mini Park,4a708667f964a520aed71fe3,47.6213415577774,-122.32671129476776
4bedf31d2c082d7f04cc2f42,Genesee Dog Park,4bedf31d2c082d7f04cc2f42,47.56349501431864,-122.27668704316113
4a02acb9f964a52064711fe3,Hing Hay Park,4a02acb9f964a52064711fe3,47.59862612960453,-122.32532970426705
4b4a2f5df964a520cf7d26e3,Belltown Dog Park,4b4a2f5df964a520cf7d26e3,47.61433715501579,-122.34480686388
4f31ce2fe4b09c40b43d7393,Broadway Hill Park,4f31ce2fe4b09c40b43d7393,47.623169005322275,-122.31864079608417
56a70030498e2517c52bcfca,Wisteria Park,56a70030498e2517c52bcfca,47.59957151039409,-122.30983069391571
4be5b6fbd4f7c9b672cd2520,Dr. Blanche S. Lavizzo Park,4be5b6fbd4f7c9b672cd2520,47.60049157245997,-122.30424642562866
4fad7795771656f48d5777cd,Sturgus Park,4fad7795771656f48d5777cd,47.59272123723377,-122.31276512145996
4c13f6c2a5eb76b081f0c0b7,Lewis Park,4c13f6c2a5eb76b081f0c0b7,47.59209123845005,-122.31466624978957
4a7486cef964a52070de1fe3,Tashkent Park,4a7486cef964a52070de1fe3,47.62377631615776,-122.32321984722566
44d1d0d0f964a5202e361fe3,Denny Blaine Park,44d1d0d0f964a5202e361fe3,47.620062977110365,-122.28025783155528
4c0d6d6e98102d7f322ae206,Cascade Playground,4c0d6d6e98102d7f322ae206,47.62150331774851,-122.33205556869507
582e02ab44587f7beb8cf4ef,Yesler Terrace Hillclimb,582e02ab44587f7beb8cf4ef,47.599944,-122.319711
4ed4f74930f803fae7b1333d,Horiuchi Park,4ed4f74930f803fae7b1333d,47.602828560685204,-122.31894781185682
4d24d398fdfb236ab1317c67,Orca Park,4d24d398fdfb236ab1317c67,47.605522433333334,-122.31489481666667
5b832a8a356b49002ce9e829,Yesler Community Park,5b832a8a356b49002ce9e829,47.601353,-122.32105
571043d0498eac8ccafc6e0b,12 Ave Square Park,571043d0498eac8ccafc6e0b,47.60620601947132,-122.31750265233171
4fae16d64fc67afa8cf5c814,Boren Place,4fae16d64fc67afa8cf5c814,47.604918845139174,-122.32094049453735
5715a3d8cd10afd3805d7966,12th Ave Square Park,5715a3d8cd10afd3805d7966,47.60730043636992,-122.31640770570974
50610b6e52621eac547823e3,Seattle University Park,50610b6e52621eac547823e3,47.6072480767418,-122.31748580932616
53b854dc498e3d4b9385ab36,Chinatown Public Parklet,53b854dc498e3d4b9385ab36,47.59761,-122.326502
4b18a5d7f964a520f4d423e3,Frink Park,4b18a5d7f964a520f4d423e3,47.59918936213052,-122.28916168212889
4c38b3820a71c9b63d1f41c9,Gerber Park,4c38b3820a71c9b63d1f41c9,47.607660383332025,-122.29648947715759
520a8b9211d2acf7b743f41a,View Park,520a8b9211d2acf7b743f41a,47.603817248056565,-122.32573087244951
4fb2cc50e4b0886effddfc53,Grassy Knoll Outside Library,4fb2cc50e4b0886effddfc53,47.608978271484375,-122.31835174560547
4a02ab22f964a52062711fe3,Harborview Park,4a02ab22f964a52062711fe3,47.604084155709295,-122.3257577593957
50b8443ae4b09c6540a79426,The Conversation Bench,50b8443ae4b09c6540a79426,47.61116762581568,-122.3111775583065
4dd338ef8877fd87e04b055e,"Martin Luther King, Jr. Memorial Park",4dd338ef8877fd87e04b055e,47.584284125527205,-122.29647625501524
5199066d498e284727cc2050,MLK Jr. Memorial Park,5199066d498e284727cc2050,47.58348932484421,-122.29679942338532
54090540498e4dc94aceb08d,East Duwamish Greenbelt,54090540498e4dc94aceb08d,47.581863578901945,-122.31500368519059
51c75dec498e5b5223b62b99,Day Street Park,51c75dec498e5b5223b62b99,47.59044157723922,-122.28631713964198
49bd6473f964a52075541fe3,Leschi-Lake Dell Natural Area,49bd6473f964a52075541fe3,47.605215211494915,-122.28710829971419
4e9091982c5b7295bbe8d1b0,Lib Tech's Downtown Throwdown,4e9091982c5b7295bbe8d1b0,47.600367,-122.33321
56671201498eba82ce943710,Public Space,56671201498eba82ce943710,47.605061,-122.332847
4c3a70261a38ef3b69229321,Kurt Cobain Park,4c3a70261a38ef3b69229321,47.60629067594331,-122.33209692664707
4fd66a51e4b095eb7e2da5f8,McGilvra Place,4fd66a51e4b095eb7e2da5f8,47.61565656512799,-122.30584694770741
55cc196b498e3106635f2666,Pavement to Parks University and Boylston,55cc196b498e3106635f2666,47.612979813608895,-122.32363902832503
4c38f2651a38ef3ba2c39221,Armeni Park,4c38f2651a38ef3ba2c39221,47.60555736786861,-122.33371729348616
51eb2b82498e74721a3c17a3,Taste Of Beacon Hill,51eb2b82498e74721a3c17a3,47.577071,-122.310406
4b6ff360f964a5201d012de3,Stevens Place,4b6ff360f964a5201d012de3,47.57692690837386,-122.31024432489794
4b819675f964a520e4b030e3,Laurelhurst Playfield,4b819675f964a520e4b030e3,47.65968853319707,-122.277802448941
4b22b521f964a520364c24e3,Union Bay Natural Area,4b22b521f964a520364c24e3,47.65582000585881,-122.2931957244873
4bcf24fcaeedef3b4f3ac598,Roanoke Park,4bcf24fcaeedef3b4f3ac598,47.64323798759986,-122.32045245036281
40b13b00f964a520f5f61ee3,Roanoke Park Place Tavern,40b13b00f964a520f5f61ee3,47.641737756028654,-122.32034554074565
4e14b9acaeb7727f2104f28f,Cowen Park Cafe,4e14b9acaeb7727f2104f28f,47.67115676704959,-122.3143443112719
4cb2503b1168a093ec343a23,Queen Anne,4cb2503b1168a093ec343a23,47.62860392652541,-122.35901708128014
4b54f7a5f964a520c2d527e3,Madison Park Playground,4b54f7a5f964a520c2d527e3,47.63529080426267,-122.27784760164845
4f6e697be4b0d638a2005836,Madison North Beach Park,4f6e697be4b0d638a2005836,47.63949711066135,-122.27674537784426
4e75580f483b0cf5ecb872c5,Christie Park,4e75580f483b0cf5ecb872c5,47.659353770761754,-122.31904149055481
4c421eefaf052d7f08787e79,Froula Playground,4c421eefaf052d7f08787e79,47.67886971205615,-122.31247410918752
4c42424e3735be9aa2c619a4,Peace Park,4c42424e3735be9aa2c619a4,47.65573446456077,-122.31864736672716
4dcdbe2445ddbe15f877d5f5,Sylvan Grove Theatre,4dcdbe2445ddbe15f877d5f5,47.653042064747396,-122.30661497807922
4be327b71dd22d7f6add95bd,Sakuma Viewpoint,4be327b71dd22d7f6add95bd,47.65160892435802,-122.31477177076874
4c17c9dad4d9c9288778ee29,North Passage Point Park,4c17c9dad4d9c9288778ee29,47.653868744838846,-122.3223352432251
4df1393fd22d8c5470d3f625,Magnuson Small Dog Area,4df1393fd22d8c5470d3f625,47.682111673061634,-122.25684939095478
4c016308b0702d7f1b2a6378,South Passage Point Park,4c016308b0702d7f1b2a6378,47.6520150725916,-122.32272752733459
4fba7da14fc657fa45b0bb6c,NE 60th Street Park,4fba7da14fc657fa45b0bb6c,47.671803146857776,-122.32254981994629
4b8d51eaf964a52058f432e3,good turn park,4b8d51eaf964a52058f432e3,47.65059740429127,-122.32387284297774
4fba7bd74fc657fa45b07ef0,Corliss Place,4fba7bd74fc657fa45b07ef0,47.66517059287432,-122.33087539672852
52004db7498e4778a9aca161,Triangle Park,52004db7498e4778a9aca161,47.653024004719114,-122.32910592029583
51290701e4b0447ba75ec3d4,Wallingford Lake Union mini park,51290701e4b0447ba75ec3d4,47.652942124434944,-122.32964749777126
4be5ce5ebcef2d7f815a04e5,West Montlake Park,4be5ce5ebcef2d7f815a04e5,47.64584663235967,-122.30922446283094
4b1189eff964a520cf7e23e3,Fairview Park,4b1189eff964a520cf7e23e3,47.647861,-122.32499063014984
4fb2be1fbb3df829dcc23d76,East Montlake Park,4fb2be1fbb3df829dcc23d76,47.64662676098461,-122.30109214782713
51574576e4b0d2c6fa000ad9,Yesler Swamp,51574576e4b0d2c6fa000ad9,47.65811221694261,-122.28840105192494
505cb5b8e4b0236a270a0ddd,Washington Park Arboretum Hollies,505cb5b8e4b0236a270a0ddd,47.63168272217116,-122.2970399689389
4b254126f964a520ca6e24e3,Green Lake Elementary Tree Lot,4b254126f964a520ca6e24e3,47.67643234604526,-122.32915559991095
58e9178aae97564a46374fff,Waterway 19,58e9178aae97564a46374fff,47.647048,-122.333271
4f46874fe4b027982eed3397,Eastlake Tennis Courts,4f46874fe4b027982eed3397,47.64317481049155,-122.32533003635189
5251edb4498ed2827f8b45fd,Harry & Jean Kretzler Memorial Bench,5251edb4498ed2827f8b45fd,47.6672637295967,-122.285030143982
52ec696511d2c705f4e4536e,Froula Park,52ec696511d2c705f4e4536e,47.68085192626766,-122.31548708227842
4c5a571604f9be9ac0aff160,Roanoke Street Mini Park,4c5a571604f9be9ac0aff160,47.643176307056734,-122.32884097451577
5965984935d3fc1e6ec0b1a4,Wsdot Peninsula,5965984935d3fc1e6ec0b1a4,47.643826,-122.295494
4d9cc17f83f36ea8d5d3a894,Belvoir Place,4d9cc17f83f36ea8d5d3a894,47.65521295468833,-122.28311061859131
513b9cb8e4b0ef935a34c49c,The Arch de Green lake,513b9cb8e4b0ef935a34c49c,47.680450528155966,-122.32767400795095
4f376e96e4b017ad7b11704f,Rainbow Point,4f376e96e4b017ad7b11704f,47.68299190001858,-122.32141654384262
4e0e21c918a8bf9784c9eba9,Duck Bay,4e0e21c918a8bf9784c9eba9,47.64214448978242,-122.29241067967924
4ef7f5e18231c11156e9dc09,Laurelhurst Fire Pit,4ef7f5e18231c11156e9dc09,47.65949958723704,-122.2780985121124
4aec5d0bf964a52057c621e3,Lynn Street Mini Park,4aec5d0bf964a52057c621e3,47.63976515530511,-122.32966511782674
49fa0d63f964a520b06d1fe3,Bryant Neighborhood Playground,49fa0d63f964a520b06d1fe3,47.675517610002274,-122.28359756080715
4fb2b70cbb3df829dcc174e2,Banner Way Triangle,4fb2b70cbb3df829dcc174e2,47.68554855551535,-122.32306528748038
4c48ee02b5eec9b678740ca4,Woodland Park Zoo - West Gate,4c48ee02b5eec9b678740ca4,47.66921896408095,-122.35284085493593
50a99da8e4b0d042f9794ac7,WildLights at Woodland Park Zoo,50a99da8e4b0d042f9794ac7,47.669178456909,-122.35285561147735
4dbe0da11e72b351cad95708,CP Airfield,4dbe0da11e72b351cad95708,47.71172434016559,-122.37881959617353
4dd2d89afa7611af69e6b4ac,Piper's Orchard,4dd2d89afa7611af69e6b4ac,47.71003902014054,-122.36701493297161
4ac65c02f964a520efb320e3,North Seattle College,4ac65c02f964a520efb320e3,47.69889682389184,-122.33346483577134
4be714a0d4f7c9b6506f2720,Sandel Park,4be714a0d4f7c9b6506f2720,47.69291205039123,-122.35826067921084
4c86fd5cd8086dcb71009f52,Jefferson Park Playground,4c86fd5cd8086dcb71009f52,47.57056563754085,-122.3090536173768
4d76a5931d7ab1f77eba8dfb,Jefferson Park Driving Range,4d76a5931d7ab1f77eba8dfb,47.56723206867947,-122.30745717086127
4ba5af26f964a520c71b39e3,Lake Washington Blvd Park,4ba5af26f964a520c71b39e3,47.561613877158365,-122.26603031158447
49e12c88f964a520a2611fe3,Georgetown Playfield,49e12c88f964a520a2611fe3,47.55121444058369,-122.32159411366375
4c5cd60f2815c928b168b367,Georgetown Trailer Park Mall,4c5cd60f2815c928b168b367,47.550496356225864,-122.31884511870247
4461da91f964a52015331fe3,Oxbow Park,4461da91f964a52015331fe3,47.54385161059548,-122.32240173716762
50cba8e1e4b09d95344ab8f6,horticulture,50cba8e1e4b09d95344ab8f6,47.56728206447176,-122.31176253387002
4f39a83ae4b026b7f66c922c,SODO Parking lot.,4f39a83ae4b026b7f66c922c,47.58139385951887,-122.33513442304702
520c5deb11d20788bbb9e556,Hubble Periscope,520c5deb11d20788bbb9e556,47.572761,-122.291595
4c0c27696071a5933963e232,Lake People Park,4c0c27696071a5933963e232,47.56917937010184,-122.29418792205463
4fb2cbb4bb3df829dcc3ceae,Mount Claire Park,4fb2cbb4bb3df829dcc3ceae,47.58012997681378,-122.28613615036011
4c2a9b5457a9c9b6f1cef467,Trudy Sander Triangle,4c2a9b5457a9c9b6f1cef467,47.5765460729599,-122.28621125221252
4a345adff964a5201d9c1fe3,Jack Perry Memorial Park,4a345adff964a5201d9c1fe3,47.5881626823934,-122.34228014945984
4884484bf964a52038511fe3,Maple Wood Playfield,4884484bf964a52038511fe3,47.55971924838994,-122.31813867108191
4db198420437a93f7f8c4624,Cheasty Greenspace @ Mountain View,4db198420437a93f7f8c4624,47.56088361322401,-122.29718713668393
53bda415498eff78d03dd345,georgetown splash park,53bda415498eff78d03dd345,47.55231650551636,-122.32163463221852
4c1ff95dd38ec9b6507f4d83,T-105 Park,4c1ff95dd38ec9b6507f4d83,47.56769362210383,-122.35235304262066
5321d4b9498e273e3592c39b,Rainier Community Center Garden,5321d4b9498e273e3592c39b,47.561193967880754,-122.28263854980467
4e24bc3f1838f7f1c02c681d,Atlantic St. Park,4e24bc3f1838f7f1c02c681d,47.58934756413107,-122.31112911036402
4fdfa7e4e4b006e916707d23,Prefontaine Place,4fdfa7e4e4b006e916707d23,47.601862475533736,-122.33093440532684
4b8dc66cf964a520200d33e3,Pioneer Square Pergola,4b8dc66cf964a520200d33e3,47.601059935046635,-122.33372034424515
4e1b92ae7d8bdabfd0f679f9,Beacon Hill Dog Park,4e1b92ae7d8bdabfd0f679f9,47.59337973905056,-122.31809431536756
4bc1222b74a9a593c16ed1f6,"T-107 Park, Duwamish",4bc1222b74a9a593c16ed1f6,47.55949326536376,-122.3512503370415
4b9a7b6df964a52057b935e3,Sodo Park by Herban Feast,4b9a7b6df964a52057b935e3,47.57521938055234,-122.33383252169745
4dc0ea3352b1877d85a858b1,Paccar Pavillion At Olympic Sculpture Park,4dc0ea3352b1877d85a858b1,47.61622599032379,-122.35383750131312
4be49f92d4f7c9b6bd6e2420,Regrade Park,4be49f92d4f7c9b6bd6e2420,47.61438424067644,-122.34476407455173
4c4ca78850710f47896f6f32,Center Square,4c4ca78850710f47896f6f32,47.62098045788809,-122.34924333937794
5187c5e7498e6f957f386d5c,Bell Street Park Boulevard,5187c5e7498e6f957f386d5c,47.61164973304476,-122.34731823092069
4c6966501a6620a18b68638c,Republic Parking 1st and Bell,4c6966501a6620a18b68638c,47.61380097941834,-122.34719938534427
5330c922498e45b246a029e0,Growing Vine Street,5330c922498e45b246a029e0,47.614811581943115,-122.35010111496135
4e224e50d16474063210333e,Nomad Park,4e224e50d16474063210333e,47.6103005964696,-122.34373320561808
583600d844587f27e9f7fd1a,Headwaters Park - Growing Vine St,583600d844587f27e9f7fd1a,47.618261,-122.346287
4a7cf94ef964a52030ee1fe3,SAM Remix,4a7cf94ef964a52030ee1fe3,47.616325236235255,-122.35427799558624
4ffdcbd9067d233ec3ab0273,Broad Street Green,4ffdcbd9067d233ec3ab0273,47.619471225121096,-122.34988689422609
4deebc2c887754a6af82e8f8,The Foster Foundation Path,4deebc2c887754a6af82e8f8,47.615707,-122.35582
5499ddee498ef7f11a4a3a4f,Chromer Building Parklet,5499ddee498ef7f11a4a3a4f,47.60950976274123,-122.337872429482
5b82006d35811b002c47bb4b,Space Needle Park,5b82006d35811b002c47bb4b,47.620004,-122.349709
4fa8c6a9a17c2c1587fb5502,Belltown Cottage Park,4fa8c6a9a17c2c1587fb5502,47.61392457494134,-122.3508089855565
51b6b27e498ec74111967a27,Public Space On Private Property,51b6b27e498ec74111967a27,47.612775,-122.334138
4e2885f562e17c33019f0898,Sheraton Seattle Garden Walk,4e2885f562e17c33019f0898,47.61042929379853,-122.33318887204392
509833f6e4b0ad0d975f3613,Seattle Times Park,509833f6e4b0ad0d975f3613,47.61955642700195,-122.33501434326172
533e11f9498e21bdfa02cbfa,Uptown Parklet,533e11f9498e21bdfa02cbfa,47.623676045532015,-122.35620577973316
5114229ce4b02a46db1f0ec7,Nap Time,5114229ce4b02a46db1f0ec7,47.617885,-122.326234
4ba6acfdf964a520126839e3,Northacres Park,4ba6acfdf964a520126839e3,47.72168468216491,-122.3285549667155
4b841147f964a520951e31e3,Boeing Creek Park,4b841147f964a520951e31e3,47.75556934623108,-122.36298789739631
4c108477f1b6a593d1157c27,Cromwell Park,4c108477f1b6a593d1157c27,47.76047775044577,-122.33381874593654
4bf317a8354e9c74428b2602,Jackson Park Golf Club,4bf317a8354e9c74428b2602,47.72842727997509,-122.31667041778564
4c1aacb4624b9c74e8761204,Paramount Park,4c1aacb4624b9c74e8761204,47.740102596380595,-122.32048988342285
4a1903c5f964a5200c7a1fe3,Bitter Lake Playfield,4a1903c5f964a5200c7a1fe3,47.724150144535194,-122.34912857972539
4bedbca1946c0f4796d9a263,Northacres Off-Leash Dog Park,4bedbca1946c0f4796d9a263,47.72203565154771,-122.32592430488758
4d8aaf4a6ce6a35d35aa6642,Hubbard Homestead Park,4d8aaf4a6ce6a35d35aa6642,47.7099925593979,-122.32460975646973
520d861311d2dacd9b2b8d55,Ridgecrest Ice Cream Social,520d861311d2dacd9b2b8d55,47.7360900512943,-122.3260353516106
4b68746ff964a520a6792be3,Mineral Springs Park,4b68746ff964a520a6792be3,47.70586298087933,-122.33654022216797
4dd819fb45ddced820984185,Thornton Creek Park #1,4dd819fb45ddced820984185,47.723317603701005,-122.31712102890013
4e39aff7e4cd799aaef3fc6b,Licorice Fern Natural Area on Thornton Creek,4e39aff7e4cd799aaef3fc6b,47.72244410316441,-122.31655948446785
4f1b1e15e4b0817d3c625555,Ridgecrest Park,4f1b1e15e4b0817d3c625555,47.74600410162319,-122.32879516458156
4ffa1920e4b0fb4a8490f90e,Northacres Spraypark,4ffa1920e4b0fb4a8490f90e,47.72208231994353,-122.32843973439871
4b840d88f964a520901d31e3,Paramount Park Open Space,4b840d88f964a520901d31e3,47.738922964811174,-122.3176543217531
4f1b1a59e4b0288a02b94507,James Keough Park,4f1b1a59e4b0288a02b94507,47.751154933210685,-122.33104705810547
4ebb0165e300944dd2130252,South Woods Park,4ebb0165e300944dd2130252,47.738506808198835,-122.30533397670844
4bd9e7e82a3a0f47d9d3a8b6,Pacific Northwest Conifer Arboretum,4bd9e7e82a3a0f47d9d3a8b6,47.75619312721846,-122.3456178195908
4b7ecfcef964a520410130e3,Pinehurst Pocket Park,4b7ecfcef964a520410130e3,47.71420373686118,-122.30831564401798
4c4e4b62d667d13a96052ca0,Ronald Bog Park,4c4e4b62d667d13a96052ca0,47.75510781021155,-122.33297824859619
526470a311d282d55a327522,Sunset School Park,526470a311d282d55a327522,47.75814684003617,-122.37104892913081
4bd78ba1f645c9b63e48a6e0,Shoreview Park,4bd78ba1f645c9b63e48a6e0,47.75082190216116,-122.36654863072879
4b68c40bf964a520b58b2be3,Meadowbrook Playfield,4b68c40bf964a520b58b2be3,47.70652502460017,-122.29385477613855
4ca8eb8eb7106dcba49677a5,Blue Ridge Beach Park,4ca8eb8eb7106dcba49677a5,47.699010840418694,-122.39413534498136
4c818375d4e23704d3be5e88,Carkeek park walking trails,4c818375d4e23704d3be5e88,47.72348498518267,-122.36971739379523
4b649f8ef964a5202ac32ae3,Cedar Park,4b649f8ef964a5202ac32ae3,47.72642292196983,-122.29062004211063
50f88fd7e4b045bb81903937,The Park at Northgate,50f88fd7e4b045bb81903937,47.706458553906195,-122.32032165386869
516e49b783025d3569cee70c,carkeek park waterfront,516e49b783025d3569cee70c,47.7126439532382,-122.37883441895212
4c3675c61e06d13ab454743e,North Jackson Park & Ride,4c3675c61e06d13ab454743e,47.735597315801954,-122.32431151788421
4f46c0b7e4b0bf7285a62c24,Northgate Park & Ride,4f46c0b7e4b0bf7285a62c24,47.70285944553802,-122.3258328437805
58117fcf38fa6ce746678fcf,"Park Place Dental - Kirk Storer, DDS, MAGD",58117fcf38fa6ce746678fcf,47.73966,-122.33334
4bb3c41beb3e9521e59bcb0a,Carkeek Park Veterinary Hospital,4bb3c41beb3e9521e59bcb0a,47.70065435283859,-122.36384145783538
4c425205520fa5938c17cbac,Victory Heights Playground,4c425205520fa5938c17cbac,47.705899,-122.30776
4b9ae714f964a5204ee135e3,SCC Off-Leash Dog Park,4b9ae714f964a5204ee135e3,47.75095437422894,-122.3640028613576
4dcc77cce4cd6eb5d51c605b,Little Brook Park,4dcc77cce4cd6eb5d51c605b,47.731414909281376,-122.2944188117981
4bf9e1b6b182c9b6eeb3795a,Virgil Flaim Park,4bf9e1b6b182c9b6eeb3795a,47.71748581668533,-122.29963571377775
4ca0ddaad3c2b60cd4eee0bc,Northacres Ballfield,4ca0ddaad3c2b60cd4eee0bc,47.72091413490108,-122.32636505991908
4fad9ffc4fc67afa8ce787b6,Lake City Memorial Triangle,4fad9ffc4fc67afa8ce787b6,47.71905193923942,-122.29507327079773
5154da77e4b0eab1b86cd38a,Works Progress,5154da77e4b0eab1b86cd38a,47.69035434925427,-122.35747090844075
54839732498ef51e69b4630f,Echo Lake Neighborhood,54839732498ef51e69b4630f,47.76928411134789,-122.33273675147679
4e36247b52b17fb1c60fe109,Maple Leaf Neighborhood,4e36247b52b17fb1c60fe109,47.69228304727555,-122.30940164377115
4c22523799282d7ffdef66b0,Lake City Neighborhood,4c22523799282d7ffdef66b0,47.722175771213976,-122.29747394227147
4b523e6ff964a5203b7227e3,Greenwood Park,4b523e6ff964a5203b7227e3,47.69314988016651,-122.3508102401744
57c4e288498ec95b52b565e1,Tiny Trees Preschool - Carkeek Park,57c4e288498ec95b52b565e1,47.71099,-122.37191
5140e5c7e4b0e5146a0eb55f,Dental Care at Carkeek Park,5140e5c7e4b0e5146a0eb55f,47.69987646694715,-122.36489521591174
4d99d2db2bd6f04d90c78650,Woodland Park Zoo Offices,4d99d2db2bd6f04d90c78650,47.6701041069967,-122.35369057014451
4df971257d8b1f1d6c0561c4,North Bench At Golden Gardens,4df971257d8b1f1d6c0561c4,47.69436400981302,-122.40476506729107
4bcbcee7937ca593b453aa92,Marvin's Garden,4bcbcee7937ca593b453aa92,47.66784078732754,-122.38497970116002
49e4bca6f964a52025631fe3,Evans Pool,49e4bca6f964a52025631fe3,47.68039965227918,-122.32839301265561
4e07845ed4c03ae0b9ca938e,Discovery Park Bluff,4e07845ed4c03ae0b9ca938e,47.65777888473545,-122.42383757366659
57780d85498e7af4119b77c8,32nd Ave West Boat Launch,57780d85498e7af4119b77c8,47.63257358083382,-122.39881038665771
4e4ddb0bb0fb088f3c067db2,Magnolia Park Tennis Courts,4e4ddb0bb0fb088f3c067db2,47.645338188437954,-122.40068297285882
4f1b3b87e4b0838231eae6d4,Southwest Queen Anne Greenbelt,4f1b3b87e4b0838231eae6d4,47.635870345156,-122.37364053726195
53a98a98498ef88303ba5a0c,J Eldon Opheim Fountain,53a98a98498ef88303ba5a0c,47.625538977049025,-122.37071797588948
4c54a0a1479fc928ef6b7193,Betty Bowen Viewpoint,4c54a0a1479fc928ef6b7193,47.629598796803,-122.36666080852785
4c30face66e40f475d5ac48b,Franklin Place,4c30face66e40f475d5ac48b,47.627925328509995,-122.35900748108493
4d8669c2f9f3a1cdc6a2df64,MacLean Park,4d8669c2f9f3a1cdc6a2df64,47.636246518983036,-122.34586936125486
4fb54265a17c4049d5e63aea,Highland Place,4fb54265a17c4049d5e63aea,47.62960197687993,-122.35545516014099
4c27b5d6e19720a13bdaf658,Tennis Court @ Fire Station 8,4c27b5d6e19720a13bdaf658,47.63115972578499,-122.35410281598944
4aabeed2f964a520085b20e3,Ward Springs Park,4aabeed2f964a520085b20e3,47.62786312726383,-122.34931995602182
4fb5466da17c4049d5e6db8b,Observatory Courts,4fb5466da17c4049d5e6db8b,47.631199867646615,-122.35501527786255
540cbe7f498ef527c988c7a8,Westlake Garden Park,540cbe7f498ef527c988c7a8,47.642102195305206,-122.34254134397864
4e33776b81304e5c10613290,The Park Apartments,4e33776b81304e5c10613290,47.62973212365676,-122.35707521438599
4d1ed02c6e8c3704f065eb9f,Kerry Park Rentals,4d1ed02c6e8c3704f065eb9f,47.63199729,-122.36148682
4e5005ae7d8bd425e4985995,David Rodgers Park Tennis Courts,4e5005ae7d8bd425e4985995,47.64707093967814,-122.36263518874148
50d4e852e4b0b55bb613857e,Kinnear Park Off-leash Area,50d4e852e4b0b55bb613857e,47.62681936734259,-122.36790817646833
4c2d3d404e132d7fcc2a9cdf,Bayview-Kinnear Park,4c2d3d404e132d7fcc2a9cdf,47.62797614182502,-122.3590182104194
4cb28031dedbef3b1d4a9d40,Lower Queen Anne,4cb28031dedbef3b1d4a9d40,47.62469319916238,-122.35855534431391
4c47f62b699476b08aedb321,Elliott Bay Trail/Terminal 91 Bike Path - North End,4c47f62b699476b08aedb321,47.632459777208766,-122.37931222156222
4ad1192df964a520bcdc20e3,Upper Queen Anne,4ad1192df964a520bcdc20e3,47.63370279498935,-122.35697982003138
4cd1981d7b685481fcf5c7f8,Seward Park Loop,4cd1981d7b685481fcf5c7f8,47.55096672907999,-122.25698760035962
4c0fc021c6cf76b051ca8251,Seward Park Beach,4c0fc021c6cf76b051ca8251,47.55497088417898,-122.26227225002947
4e0f540314956c6285033bb7,Seward Park Playground,4e0f540314956c6285033bb7,47.549394974177915,-122.2563285556545
4a2c4726f964a52047971fe3,Mercerdale Park,4a2c4726f964a52047971fe3,47.581169539270206,-122.23428017583572
49ff40f7f964a520f66f1fe3,Martha Washington Park,49ff40f7f964a520f66f1fe3,47.543454481317,-122.26111558729791
4c87d0145df9bfb77f983263,Genesee Park - Soccer Fields,4c87d0145df9bfb77f983263,47.56298598238188,-122.27835858169387
4a95b7fbf964a520492420e3,Kubota Garden,4a95b7fbf964a520492420e3,47.512767185487455,-122.26566166089442
4afcac3ff964a520fb2422e3,Brighton Playfield,4afcac3ff964a520fb2422e3,47.54856532203087,-122.28260020922276
4b9a9c1bf964a52012c635e3,Othello Playground,4b9a9c1bf964a52012c635e3,47.53641792824911,-122.27381605285423
56ec63e0cd10c4efe158e6d1,Hillman City Parklet,56ec63e0cd10c4efe158e6d1,47.551836435781155,-122.27791540703842
4b43e168f964a5200aed25e3,Brandon Street Orchard,4b43e168f964a5200aed25e3,47.55316604315907,-122.27421217583449
51326ecce4b0cfae5208960c,Shaffer Park,51326ecce4b0cfae5208960c,47.542864,-122.294012
4bf444bee5eba59398751f90,Dearborn Park,4bf444bee5eba59398751f90,47.550063008721104,-122.29451828567964
4c06753891d776b02cddf8f9,Seward Park Picnic Grounds,4c06753891d776b02cddf8f9,47.551843385325945,-122.25577265612398
4fb69f816b742bc4130034f1,Ferdinand Street Boat Lanch,4fb69f816b742bc4130034f1,47.55751055971697,-122.26227858353701
4d9d06cb83f36ea83f72af94,Hitt's Hill Park,4d9d06cb83f36ea83f72af94,47.554315664466074,-122.28452682495116
4c067627191f20a10d89e414,Seward Park Lower Picnic Grounds,4c067627191f20a10d89e414,47.54979496549803,-122.25078225366953
590e5fd228374e10e4145652,The Magnificent Forest,590e5fd228374e10e4145652,47.554362,-122.251183
4e3b18b41fc7f3d8d47429f2,Lake Washington beach park,4e3b18b41fc7f3d8d47429f2,47.565227092578006,-122.2682315912527
4dbe1a816e810768bf86b03c,Ruby Chow Park,4dbe1a816e810768bf86b03c,47.54664521971247,-122.31503826801855
4c0ac9817e3fc9284844f482,Seward Park Neighborhood,4c0ac9817e3fc9284844f482,47.55335799995424,-122.26770572464419
529b8d55498e59fe38fbd0e5,franklin landing park,529b8d55498e59fe38fbd0e5,47.570518493652344,-122.23719024658203
510c3683e0e20c86940063af,South Park Marina,510c3683e0e20c86940063af,47.526862,-122.312644
4be428f4bcef2d7f5a2202e5,Seward Park Family Dental,4be428f4bcef2d7f5a2202e5,47.55442667213747,-122.26933341898173
51002758e4b0f982554b9f3e,holly park dental clinic,51002758e4b0f982554b9f3e,47.541214038928175,-122.28317424490409
4c07cd54c69aa59309cd9ba2,Seward Park Amphitheater,4c07cd54c69aa59309cd9ba2,47.55052135072296,-122.2513747215271
4bae49d7f964a520cf9d3be3,Seward Park Audubon Center,4bae49d7f964a520cf9d3be3,47.54954270899861,-122.25631134100941
4c7d1572f56a3704e8ab0946,The Station At Othello Park,4c7d1572f56a3704e8ab0946,47.53755187043961,-122.28282697052705
4fad6dd477161a1c0546db64,"John C. Little, Sr. Park",4fad6dd477161a1c0546db64,47.538600784425654,-122.28637218475342
4b54de8cf964a52099d027e3,First Hill Park,4b54de8cf964a52099d027e3,47.582238,-122.243378
4c326d2fa0ced13aac29156e,Rotary Park,4c326d2fa0ced13aac29156e,47.56775222252545,-122.22144220124957
4d41d0ca00e8a35d65db07fb,Clise Park,4d41d0ca00e8a35d65db07fb,47.57463785134632,-122.22690790057402
4fb687eb6b742bc412fc1821,Lakeridge Park,4fb687eb6b742bc412fc1821,47.506823512189456,-122.24736213684082
582cdae85e56b41e7fb5b9b0,The Station at Othello Park Apartments,582cdae85e56b41e7fb5b9b0,47.536720094557076,-122.28026598728319
4d90d8dbcb9b224b782fb941,Duwamish Park,4d90d8dbcb9b224b782fb941,47.50172643020392,-122.28474780762164
4d90cbb75091a1cd225bc301,Duwamish Hill Preserve,4d90cbb75091a1cd225bc301,47.5016950700369,-122.28487592284056
4c4c9d65a34b2d7f2f4cfd97,Cecil moses memorial park,4c4c9d65a34b2d7f2f4cfd97,47.504120574238236,-122.29859370043148
57b8d8ac498e5a7e3b33c7e1,Seward Park - North Beach,57b8d8ac498e5a7e3b33c7e1,47.562112,-122.253236
4f5a7ff2e4b0a61f4a433574,The Station At Othello Park Parkside Gym,4f5a7ff2e4b0a61f4a433574,47.53666466535679,-122.27959903001961
4c0fc058d64c0f47cd432a5d,Seward Park Bike Path,4c0fc058d64c0f47cd432a5d,47.550951781493815,-122.25723767640955
4bacde5cf964a520d5133be3,College Street Park,4bacde5cf964a520d5133be3,47.58260550887463,-122.29434835858056
4ca5067b5a1e95211cbc89ce,Beacon Hill Neighborhood,4ca5067b5a1e95211cbc89ce,47.57183545780265,-122.30830192565918
4b83fda3f964a520f41931e3,Clarke Beach Park,4b83fda3f964a520f41931e3,47.53368982364155,-122.21577644348145
4c26748b905a0f470e576360,Lakewood Seward Park Community Club,4c26748b905a0f470e576360,47.55953215838991,-122.27110740568624
456f3980f964a520293e1fe3,Washington Park Arboretum,456f3980f964a520293e1fe3,47.63495396619496,-122.29459354714578
46950309f964a520dc481fe3,Volunteer Park Cafe,46950309f964a520dc481fe3,47.63242664071617,-122.31004246921715
4c8bf2405e38b1f706de2cf9,Washington Park Arboretum Gazebo,4c8bf2405e38b1f706de2cf9,47.628552541182,-122.29522129073236
4b06b609f964a520efee22e3,Madison Park Bakery,4b06b609f964a520efee22e3,47.63600691866876,-122.27788614764431
4c840862d4e2370430797688,Medina Beach Park,4c840862d4e2370430797688,47.616477812290306,-122.23771653952251
56918774498ea42fe92b8598,Lookout Gazebo,56918774498ea42fe92b8598,47.631689,-122.295288
4da21d6eb521224bcf6803ee,Azalea Way,4da21d6eb521224bcf6803ee,47.63794044275235,-122.29629356704069
4f83752c754a411b15f4820e,3001 E Madison,4f83752c754a411b15f4820e,47.62518402463063,-122.29321718215942
50abfdf5e4b0fbae21fb89e5,Mud Park,50abfdf5e4b0fbae21fb89e5,47.62083016488617,-122.28598866213102
57c4d9a8498ea927ed4b25d2,Montlake Triangle,57c4d9a8498ea927ed4b25d2,47.6498,-122.30507
5220ec6d11d21d8bc61a5eec,William Henry Seward Statute,5220ec6d11d21d8bc61a5eec,47.631827,-122.315778
4e2a2bad483bb05f05911166,Volunteer Park Lily Ponds,4e2a2bad483bb05f05911166,47.63022021689149,-122.31548393363995
4a649cddf964a5205dc61fe3,Homer Harris Park,4a649cddf964a5205dc61fe3,47.61738,-122.30113
5026fcebe4b041e2a6c149f7,Laurelhurst Park,5026fcebe4b041e2a6c149f7,47.65443368049825,-122.27601553031549
4becdfc83372c92803fb1014,Williams Place,4becdfc83372c92803fb1014,47.619847276687665,-122.31306552886963
4b8063e0f964a520f56d30e3,Grand Army of the Republic Cemetery,4b8063e0f964a520f56d30e3,47.63628622441767,-122.31632054149192
50c7a17ae4b03c6113baaada,Madison Park Neighborhood,50c7a17ae4b03c6113baaada,47.63413349006185,-122.28059328724846
4bbf7642f353d13ac9ab7e10,Park Place Deli,4bbf7642f353d13ac9ab7e10,47.63533484074775,-122.27887866365359
4fad993c4fc67afa8ce6c7dc,Summit Place,4fad993c4fc67afa8ce6c7dc,47.6278760955859,-122.32679060879404
50c79db8e4b0951054758e20,Washington Park Neighborhood,50c79db8e4b0951054758e20,47.627876908815736,-122.29399875791097
4fde566de4b01dfec0354e45,Teletubby Hill,4fde566de4b01dfec0354e45,47.61832815366712,-122.31921190802468
4b1212bcf964a520d28823e3,Terry Pettus Park,4b1212bcf964a520d28823e3,47.63675676731051,-122.3293122798336
49b5c8bcf964a52001531fe3,Bellevue Place,49b5c8bcf964a52001531fe3,47.626919435022295,-122.32734560966492
4d13d36c401db60c7d27d3a4,Carkeek Park Upper Parking Lot,4d13d36c401db60c7d27d3a4,47.71580666478556,-122.36336801138191
4a915cd6f964a520f91920e3,O.O. Denny Park,4a915cd6f964a520f91920e3,47.70933079155846,-122.25012351531353
5322614e498ec90f9cf2078b,Pie Maker Memorial Bench,5322614e498ec90f9cf2078b,47.672205,-122.270523
52f6ac4311d2e3f5e60f9f99,Tony McKay Memorial Bench On Burke Gilman Trail,52f6ac4311d2e3f5e60f9f99,47.674625702793264,-122.26713080734139
52f6c6c0498eabe0f1a8e521,George And Ivey Covach Memorial Bench,52f6c6c0498eabe0f1a8e521,47.675663,-122.266593
4e9a41a54901d3b0b6de56b1,Hunter Farms Pumpkin Patch,4e9a41a54901d3b0b6de56b1,47.68588079067371,-122.29046193600782
4c64be21dddfa5938e8b92ff,Wedgwood Rock,4c64be21dddfa5938e8b92ff,47.68667379708589,-122.29216594140598
59b5e24a06fb6043c3f72df3,Magnuson Baseball Field #9,59b5e24a06fb6043c3f72df3,47.677514,-122.259592
4b5b6c85f964a520f4fc28e3,Burke-Gilman Playground Park,4b5b6c85f964a520f4fc28e3,47.66762307263185,-122.28155635318535
4dc9bd0fd4c05b6c02e9a6aa,Penguin Park,4dc9bd0fd4c05b6c02e9a6aa,47.697061619714034,-122.2811240987926
51c4f7d6498e92267bffa916,Cross Park Trail,51c4f7d6498e92267bffa916,47.67958784870477,-122.24895522082532
50fae3c3e4b0072448489de5,Magnuson Series,50fae3c3e4b0072448489de5,47.68068476648064,-122.2484637508307
4d852326e83fa143a60074a1,Kite Hill,4d852326e83fa143a60074a1,47.68160065744511,-122.24863794726639
4bc7a53515a7ef3bded979da,Windermere Park,4bc7a53515a7ef3bded979da,47.665726150209295,-122.26675945212301
4ec9ed828b81dcfdc6547567,Waterway 15,4ec9ed828b81dcfdc6547567,47.65373250418821,-122.32451738114185
4d45ebaf4e5d3704cb6efc93,Triangle Park,4d45ebaf4e5d3704cb6efc93,47.635772694828326,-122.27823661516472
51449424e4b01c66356f06a8,Magnuson Park Field #3,51449424e4b01c66356f06a8,47.678479397517,-122.26045176388517
4fefc92be4b02f36db8bb644,The View,4fefc92be4b02f36db8bb644,47.63464965431964,-122.31262555280091
4bc77099af07a59381307f2d,Magnuson Park Building #30,4bc77099af07a59381307f2d,47.68260554205826,-122.26091892803124
51c8e71a498ecbbeff27fb8b,Hipster Hill,51c8e71a498ecbbeff27fb8b,47.621326701169984,-122.3267420570748
4fda8ae6e4b0c183ab15b63e,Four Car Park,4fda8ae6e4b0c183ab15b63e,47.61859768069844,-122.32557434303757
588bfb248f0be469f0703b23,Pac-Man Parklet,588bfb248f0be469f0703b23,47.61858020567873,-122.32536843218809
5636d317498e02e4f102c0b3,Dogwood Indoor Dog Park,5636d317498e02e4f102c0b3,47.7211268547907,-122.29176154004739
4a590caef964a52085b81fe3,Rhododendron Park,4a590caef964a52085b81fe3,47.75217734017978,-122.24824640205368
4a51a44af964a52029b11fe3,Saint Edward State Park,4a51a44af964a52029b11fe3,47.73283361944575,-122.25596177098532
4a878801f964a5209f0420e3,Big Finn Hill Park,4a878801f964a5209f0420e3,47.72527932601413,-122.23757842236088
4bd36fa3b221c9b635c7d9d0,Log Boom Park,4bd36fa3b221c9b635c7d9d0,47.75780755077855,-122.26443512379073
4c0bf65a340720a197ea8893,Lake Forest Park Farmers Market,4c0bf65a340720a197ea8893,47.753701118329204,-122.27802066335553
4bef3460ada6b713ff4b2206,Saint Edward State Park Playground,4bef3460ada6b713ff4b2206,47.731792480180694,-122.25610489565742
4a7da6a2f964a52008ef1fe3,Burke Gilman Trail,4a7da6a2f964a52008ef1fe3,47.75388636037013,-122.27655541073375
4a22ef49f964a520a47d1fe3,Lake Forest Park Bar & Grill,4a22ef49f964a520a47d1fe3,47.75535283233518,-122.280290373033
4c3bd90c4bc9a59318fad171,Lyon Creek Waterfront Preserve,4c3bd90c4bc9a59318fad171,47.75358066,-122.27583816
4c30f8c8452620a171ef1f0f,Animal Acres Park,4c30f8c8452620a171ef1f0f,47.75596903807732,-122.2862119456887
57d30c42498ee2a96293e4f1,Juanita Woodlands Park,57d30c42498ee2a96293e4f1,47.707303,-122.235685
585c681c6c682b06139fc36e,Squire's Landing Park,585c681c6c682b06139fc36e,47.754513,-122.241877
523a455711d2a55670c64acc,Jack V. Crawford Skatepark,523a455711d2a55670c64acc,47.761127,-122.249915
4f2b7b8ee4b09e391cc940e2,Lake Forest Park Neighborhood,4f2b7b8ee4b09e391cc940e2,47.75427329095638,-122.28472737990069
4b524007f964a520b07227e3,KCLS Lake Forest Park Library,4b524007f964a520b07227e3,47.754193965444976,-122.27958563941209
4df7700862845f605bb6dd04,Kenmore Boat Launch,4df7700862845f605bb6dd04,47.75389547253331,-122.2500888498013
4e5aece4e4cd875e8ec2529b,Public Space,4e5aece4e4cd875e8ec2529b,47.61257666493016,-122.33414006861834
5324ad44498ecdae907164ed,The Heritage Garden,5324ad44498ecdae907164ed,47.61723709106445,-122.30553436279297
4bc9264bb6c49c746e0d8e91,The 'Pen at T-Mobile Park,4bc9264bb6c49c746e0d8e91,47.592026891110486,-122.33190915745449
4b92c937f964a520901b34e3,Jefferson Park Golf Course,4b92c937f964a520901b34e3,47.56711582566651,-122.30722904205322
55efa325498eeae9ce5790d4,West I-90 Lid Park,55efa325498eeae9ce5790d4,47.59064085736001,-122.24854601476392
4a02acdef964a52065711fe3,International Children's Park,4a02acdef964a52065711fe3,47.5969304423085,-122.32351972188953
50f3280de4b029f6b4a15a4a,Roanoke Park,50f3280de4b029f6b4a15a4a,47.59046227664208,-122.2450509454157
4b7f011af964a520a60f30e3,Herring's House Park,4b7f011af964a520a60f30e3,47.56154413385651,-122.35125299461221
4bc116fcb492d13aa38aa560,Spruce Street Mini Park,4bc116fcb492d13aa38aa560,47.603883913905236,-122.30398325135192
4e1bc5ef887735dda33d2fe2,Peppi's Playground,4e1bc5ef887735dda33d2fe2,47.602734594699534,-122.29099178357363
4c5b6ab5d25320a10bb2c07a,Chinatown-International District,4c5b6ab5d25320a10bb2c07a,47.597713484574456,-122.32482433319092
4ac43e77f964a520849e20e3,Green Lake (I-5/NE 65th) Park & Ride,4ac43e77f964a520849e20e3,47.67591567806897,-122.32090446628901
4c8993e96418a143d7add8ce,Upper Woodland Park Tennis Courts,4c8993e96418a143d7add8ce,47.66416121247269,-122.34335093807849
4bd3c272462cb7137c49df07,Highland Park Improvement Club,4bd3c272462cb7137c49df07,47.53426000982772,-122.35015573527865
4bfb0d8cbbb7c928c2a50743,Clyde Beach Park,4bfb0d8cbbb7c928c2a50743,47.61426407926828,-122.21757888793945
4bf43ea2706e20a1c61da998,Howell Park,4bf43ea2706e20a1c61da998,47.617609853217104,-122.28017588761973
4aa697f5f964a5204e4a20e3,Viretta Park,4aa697f5f964a5204e4a20e3,47.619071420063726,-122.2819275560487
4c07d919a9c076b088883923,Lakeview Park,4c07d919a9c076b088883923,47.62186723144439,-122.28554284573904
4ab68b29f964a520b97720e3,Alvin Larkins Park,4ab68b29f964a520b97720e3,47.614249614251996,-122.28868961334227
4c0a8f1ebbc676b002084ad5,Summit Slope Park,4c0a8f1ebbc676b002084ad5,47.61976437338383,-122.32506386168684
4ba3ec56f964a520f96d38e3,Beer Sheva Park,4ba3ec56f964a520f96d38e3,47.52408499800983,-122.26454611108842
53584a2311d213f781012abe,southern heights park,53584a2311d213f781012abe,47.49561795335136,-122.31483468717279
4c436f2fdd1f2d7f56807ef9,Riverton park,4c436f2fdd1f2d7f56807ef9,47.485170794089754,-122.28554395074046
4e401ec0922e920e6c510dce,People For Puget Sound: Codiga Park,4e401ec0922e920e6c510dce,47.48980772178664,-122.27199533788516
4d02861a8620224b226a9d40,KCLS Boulevard Park Library,4d02861a8620224b226a9d40,47.495580009200005,-122.30771936942513
4c67334419f3c9b68c5da2ff,Skyway Park Bowl & Casino,4c67334419f3c9b68c5da2ff,47.496733214720166,-122.24640850297631
4aedd117f964a5202ecf21e3,Volunteer Park Conservatory,4aedd117f964a5202ecf21e3,47.63192894082921,-122.31573843728884
53f7d245498e446678f48d86,Fairmount Park Elementary School,53f7d245498e446678f48d86,47.55206418060997,-122.38116690446817
4f4ab6e5e4b093da1409f3f8,Beach At Lincoln Park,4f4ab6e5e4b093da1409f3f8,47.527311973722774,-122.39603624964349
4e0fba9ac65ba20da22d5b78,Lincoln Park Wading Pool,4e0fba9ac65ba20da22d5b78,47.53462386068532,-122.39374513553817
4d34e1b16c7c721ea133c656,Myrtle Reservoir Park,4d34e1b16c7c721ea133c656,47.540836076036996,-122.37732782705262
4e0d3f8618a8bf9784c16fb7,Watertower Park,4e0d3f8618a8bf9784c16fb7,47.570091015728565,-122.38149796445123
4b723769f964a5204b742de3,Green Lake Park Basketball Courts,4b723769f964a5204b742de3,47.68002764347282,-122.32820391654968
4c758c315db9bfb744244413,Green Lake Park - Soccer Fields,4c758c315db9bfb744244413,47.67883464650715,-122.32806144085181
4e22642715207ed86eb601fd,Park Meridian Apartments,4e22642715207ed86eb601fd,47.710032265295496,-122.33363270759583
43f8d1f9f964a520cb2f1fe3,CenturyLink Field Event Center,43f8d1f9f964a520cb2f1fe3,47.59337785348774,-122.33297020196915
49d15a45f964a520785b1fe3,YMCA,49d15a45f964a520785b1fe3,47.60568456244552,-122.33247492105406
4a847c55f964a520bafc1fe3,Waverly Beach Park,4a847c55f964a520bafc1fe3,47.679322530792994,-122.21201512715638
4b1dffc2f964a520ba1624e3,Hunts Point Park,4b1dffc2f964a520ba1624e3,47.643648727772906,-122.22993850708008
5afefb7db1ec13002c95c43b,520 Bridge View Park,5afefb7db1ec13002c95c43b,47.63737,-122.23871
55d5eb9b498ee479666f7c35,lake avenue west park,55d5eb9b498ee479666f7c35,47.67964857440543,-122.21286650802658
4b97ddf3f964a5203b1b35e3,Madison Park Veterinary Hospital,4b97ddf3f964a5203b1b35e3,47.634201,-122.280496
4d7c82d08f89224b19eda526,Wallingford Neighborhood,4d7c82d08f89224b19eda526,47.65856610154836,-122.3331069946289
4b84089ef964a520591c31e3,Evergreen Point Freeway Station - Westbound,4b84089ef964a520591c31e3,47.637162919269386,-122.23685455995874
4bae5896f964a520bca53be3,Jane Adams Park,4bae5896f964a520bca53be3,47.70901606386188,-122.29324361527678
5082e90be4b0073ffb42d2a4,Juanita Heights Park,5082e90be4b0073ffb42d2a4,47.710157,-122.221159
514e32fce4b03149197854a9,Discovery Park Visitors Center,514e32fce4b03149197854a9,47.65770708591524,-122.406248662106
4f6e6452e4b01d94fd99e559,Discovery Park East Parking Lot,4f6e6452e4b01d94fd99e559,47.658241004805895,-122.40644476288603
4bd4df34637ba59398a8f570,Medina City Hall Park,4bd4df34637ba59398a8f570,47.61650755342756,-122.23774196504263
4a91a06ef964a520081b20e3,Spring Street Mini Park,4a91a06ef964a520081b20e3,47.61120026028154,-122.309440532128
5a6a239f59c4230a74b6d7fb,"Jane Park, MD",5a6a239f59c4230a74b6d7fb,47.699758042586275,-122.32694864273068
5b5c87696dcf04002c0176da,Natire Walk At Juanita Bay Park,5b5c87696dcf04002c0176da,47.698133,-122.213347
4d1b992cfd7bb60cf71197e1,International Community Health Services - Holly Park,4d1b992cfd7bb60cf71197e1,47.53696255847009,-122.28380701383072
4a061f7bf964a520ba721fe3,Elliott Bay Beach,4a061f7bf964a520ba721fe3,47.61279313901564,-122.34847245639793
45431fd4f964a5205c3c1fe3,Seattle Marriott Waterfront,45431fd4f964a5205c3c1fe3,47.6108158,-122.3472607
4a9c40a2f964a520953620e3,Gum Wall,4a9c40a2f964a520953620e3,47.608297176362925,-122.34021603542325
4bb535b06edc76b017722f1c,Miners Landing,4bb535b06edc76b017722f1c,47.60623713420722,-122.34179177572662
4c645fe02a58c9b699fb3461,Pioneer Square,4c645fe02a58c9b699fb3461,47.600974794301585,-122.33244488481532
4df13ed522718759f8160bfb,chambery park,4df13ed522718759f8160bfb,47.72998309783219,-122.31079895062565
4d520b539b27721e3c3abe46,Jackson Park 73 Layover,4d520b539b27721e3c3abe46,47.72728885,-122.30995416641235
4be396721dd22d7fe13097bd,North City Park,4be396721dd22d7fe13097bd,47.768618574639156,-122.3194787168984
51578bebe4b0862f0d5a6f41,Jackson Park Perimeter Trail,51578bebe4b0862f0d5a6f41,47.72790013195957,-122.31579433244158
5054bb51e4b0978a0f894db8,Jackson Park P-Patch,5054bb51e4b0978a0f894db8,47.724290122892896,-122.31814003842273
4afb8bd3f964a520931e22e3,North SeaTac Park,4afb8bd3f964a520931e22e3,47.48577297525534,-122.30958938598633
4f88a0bce4b0abaa01f029fe,Cedar River Trail Park,4f88a0bce4b0abaa01f029fe,47.49586436835717,-122.21328735351562
4c8c197eed3ab60c09be6421,Coulon Kids Park,4c8c197eed3ab60c09be6421,47.50415129594876,-122.20397566161995
4c6fa5ded274b60c2235d70d,Earlington Park,4c6fa5ded274b60c2235d70d,47.480511054222134,-122.22742952819493
4d9fb8c3bb206ea888b1ccfd,Fort Dent Park,4d9fb8c3bb206ea888b1ccfd,47.469774306510374,-122.24941751625985
4c3a7e2c93db0f4785512592,Gene Coulon Park Playground,4c3a7e2c93db0f4785512592,47.50381603891886,-122.20402698505518
4ba965a1f964a5207a243ae3,Foster Memorial Park,4ba965a1f964a5207a243ae3,47.47837367929925,-122.26824954853029
5048d825e4b0ad18575c5471,Dearborn Park Elementary,5048d825e4b0ad18575c5471,47.55222833325476,-122.2965694088268
4bedf777a40fc92818d7820c,Marsh Park,4bedf777a40fc92818d7820c,47.6658045530966,-122.20709510196316
5038309ae4b06e698f738b0b,Magnuson Park Amphitheater,5038309ae4b06e698f738b0b,47.68281346660237,-122.25869199875969
4c0ede8c336220a1a0f6cc77,Magnuson Park Tennis Court,4c0ede8c336220a1a0f6cc77,47.68103256309931,-122.25213500646773
4f650cc7e4b03a7ce18d12cd,Magnuson Park Kite Hill,4f650cc7e4b03a7ce18d12cd,47.680918506227,-122.24772634551958
4c66143f7abde21ea0d86268,Magnuson Dog Park Water Station,4c66143f7abde21ea0d86268,47.683074327462755,-122.25682154351405
5107e292e4b06a85afc49410,Magnuson park Shuttle Stop,5107e292e4b06a85afc49410,47.67645841839959,-122.25679930655157
4d73f504548bb60cda04afff,Magnuson Park Boat Launch,4d73f504548bb60cda04afff,47.6767960011726,-122.25035106599307
4dab2e53a86e771ea733fa7c,Van Aalst Park,4dab2e53a86e771ea733fa7c,47.6839493611367,-122.20479908284652
533703ed11d23668ffe4570a,Forbes Creek Park,533703ed11d23668ffe4570a,47.69695718559214,-122.202587985553
525f498b11d29ec2a54b4102,Houghton Park Playground,525f498b11d29ec2a54b4102,47.660047487933596,-122.20679104328157
4bda25a32a3a0f474209aab6,Crestwood Field,4bda25a32a3a0f474209aab6,47.69080088332651,-122.19719162345008
4e57137a45dd89e01ce738c7,McAuliffe Park,4e57137a45dd89e01ce738c7,47.70450597264006,-122.19762976854831
4bbdd843a8cf76b09237b2fd,Highlands Park,4bbdd843a8cf76b09237b2fd,47.690599,-122.188849
4bd09714b221c9b68fffd3d0,Turtle Park,4bd09714b221c9b68fffd3d0,47.681854595875286,-122.20758503022772
4ac1a30df964a520959720e3,North Kirkland Community Center & Park,4ac1a30df964a520959720e3,47.71181397487607,-122.20416722784782
4dd596cfe4cd37c8937ecb90,Houghton Beach Volleyball,4dd596cfe4cd37c8937ecb90,47.66142646087018,-122.20685311527647
4c09c73d02c9d13acbd773dd,Peter Kirk Pool,4c09c73d02c9d13acbd773dd,47.67595359369232,-122.20176094997831
4b2d496df964a5202bd324e3,Everest Park,4b2d496df964a5202bd324e3,47.67145318844917,-122.1929456785214
4ba5661bf964a520460339e3,Groveland Park,4ba5661bf964a520460339e3,47.55110413529384,-122.23354457438003
4ab08251f964a520736720e3,Seward Park Clay Studio,4ab08251f964a520736720e3,47.55038422265346,-122.25991005720401
505a7466e4b0ba17f239a851,Upper Luther Burbank,505a7466e4b0ba17f239a851,47.587027038939,-122.22928903120777
4c9cfd257d69b71396e224c2,Mercer Park Dentistry,4c9cfd257d69b71396e224c2,47.5835495,-122.2309796
4b7c9debf964a520059e2fe3,Mercer Island Park & Ride,4b7c9debf964a520059e2fe3,47.58864062020832,-122.23236870433362
4af1ac33f964a52012e221e3,Cloverdale Business Park,4af1ac33f964a52012e221e3,47.52561354152517,-122.32977230187005
53b7363e498eef48c83a936d,South Park Bridge,53b7363e498eef48c83a936d,47.5297481310759,-122.31436686035049
4f324d3a19836c91c7ca4555,South Park Restaurant,4f324d3a19836c91c7ca4555,47.52752,-122.314998
58db4c4f0b7e935f8a981494,La Toscanella South Park,58db4c4f0b7e935f8a981494,47.5256773516526,-122.33017395759842
503541c6e4b04e46b7cd3805,Stockbox South Park Grocery,503541c6e4b04e46b7cd3805,47.526693626336055,-122.31488894743622
4e6049171838ad3d0dd870fc,Jugos Y Tortas South Park,4e6049171838ad3d0dd870fc,47.527703,-122.315691
4d3b71cc687ca35de11a94c4,Golden Gardens Park Bathhouse,4d3b71cc687ca35de11a94c4,47.69174895973849,-122.40387284651709
4e03d4b4b0fb3e6ecac27983,Discovery Park North Entrance,4e03d4b4b0fb3e6ecac27983,47.66509789368834,-122.41280059883873
4ef551c5722e31c64891f64b,Highland Park Elementary School,4ef551c5722e31c64891f64b,47.524993896484375,-122.3486328125
5af1c52515173e002c435f63,Morningside Park,5af1c52515173e002c435f63,47.64685,-122.21371
